-- Seed data: partners, vehicles, services

-- Partners
INSERT INTO partners (id, name, city, commission_rate, created_at, updated_at) VALUES ('73ee499d-1b1e-45a6-9b4c-1dd2e363e212', 'Auto Prime Veiculos', NULL, NULL, NOW(), NULL);
INSERT INTO partners (id, name, city, commission_rate, created_at, updated_at) VALUES ('1749e5e0-8d60-41c0-b0c6-97897bd98062', 'Santa Rita Motors', NULL, NULL, NOW(), NULL);
INSERT INTO partners (id, name, city, commission_rate, created_at, updated_at) VALUES ('411626a8-8249-4acf-a706-3e429ba02888', 'Nova Esperanca Autos', NULL, NULL, NOW(), NULL);
INSERT INTO partners (id, name, city, commission_rate, created_at, updated_at) VALUES ('bb0a1d1e-e5ec-4814-93b7-3e8c681e8340', 'Bela Vista Multimarcas', NULL, NULL, NOW(), NULL);
INSERT INTO partners (id, name, city, commission_rate, created_at, updated_at) VALUES ('1e01a465-6831-4941-98d6-bbf45d6f63fe', 'Cidade Verde Veiculos', NULL, NULL, NOW(), NULL);
INSERT INTO partners (id, name, city, commission_rate, created_at, updated_at) VALUES ('4faf9bfb-8fc5-4eb7-b93b-9309651c0792', 'Costa Sul Autos', NULL, NULL, NOW(), NULL);
INSERT INTO partners (id, name, city, commission_rate, created_at, updated_at) VALUES ('3c4329cc-2dbb-4f3a-b384-9bcc06a6932e', 'Vale do Sol Automoveis', NULL, NULL, NOW(), NULL);
INSERT INTO partners (id, name, city, commission_rate, created_at, updated_at) VALUES ('c150f514-0802-4d9b-867b-e0f10dd81e50', 'Pontal Veiculos', NULL, NULL, NOW(), NULL);
INSERT INTO partners (id, name, city, commission_rate, created_at, updated_at) VALUES ('86ceb785-d7eb-4aed-afb3-316b25a4f68d', 'Serra Azul Motors', NULL, NULL, NOW(), NULL);
INSERT INTO partners (id, name, city, commission_rate, created_at, updated_at) VALUES ('d79cf6e2-899d-4160-bac5-d8f4fae87413', 'Jardim Paulista Autos', NULL, NULL, NOW(), NULL);

-- Vehicles
INSERT INTO vehicles (id, license_plate, renavam, vin, year, color, model, brand, supplier_source, purchase_price, freight_cost, purchase_payment_receipt_document_id, purchase_invoice_document_id, status, assigned_partner_id, created_at, updated_at) VALUES ('20e42457-e90e-475f-8dea-543ef192fa49', 'EHX8849', NULL, NULL, 2019, 'Gray', 'Santa Fe', 'Hyundai', 'PERSONAL_CONTACT', 251995.22, 574.35, NULL, NULL, 'DISTRIBUTED', 'c150f514-0802-4d9b-867b-e0f10dd81e50', '2023-10-20 00:00:00', '2023-12-26 00:00:00');
INSERT INTO vehicles (id, license_plate, renavam, vin, year, color, model, brand, supplier_source, purchase_price, freight_cost, purchase_payment_receipt_document_id, purchase_invoice_document_id, status, assigned_partner_id, created_at, updated_at) VALUES ('2949a754-bdc6-4fd7-89c0-cfb82dce66c7', 'MMT7848', NULL, NULL, 2013, 'Black', 'Onix', 'Chevrolet', 'INTERNET', 646073.74, 823.27, NULL, NULL, 'DISTRIBUTED', '3c4329cc-2dbb-4f3a-b384-9bcc06a6932e', '2026-05-06 00:00:00', '2026-05-22 00:00:00');
INSERT INTO vehicles (id, license_plate, renavam, vin, year, color, model, brand, supplier_source, purchase_price, freight_cost, purchase_payment_receipt_document_id, purchase_invoice_document_id, status, assigned_partner_id, created_at, updated_at) VALUES ('25f24beb-aa3b-4973-8117-b923fa2e37f2', 'TGE5288', NULL, NULL, 2025, 'Black', 'A4', 'Audi', 'PERSONAL_CONTACT', 916996.45, 889.94, NULL, NULL, 'DISTRIBUTED', '1e01a465-6831-4941-98d6-bbf45d6f63fe', '2026-08-01 00:00:00', '2026-12-08 00:00:00');
INSERT INTO vehicles (id, license_plate, renavam, vin, year, color, model, brand, supplier_source, purchase_price, freight_cost, purchase_payment_receipt_document_id, purchase_invoice_document_id, status, assigned_partner_id, created_at, updated_at) VALUES ('b461a22f-c10e-4f4c-ad23-69e54a99ba0f', 'XPC8227', NULL, NULL, 2010, 'Red', 'Compass', 'Jeep', 'INTERNET', 278828.01, 632.25, NULL, NULL, 'IN_LOT', NULL, '2023-06-11 00:00:00', '2023-07-02 00:00:00');
INSERT INTO vehicles (id, license_plate, renavam, vin, year, color, model, brand, supplier_source, purchase_price, freight_cost, purchase_payment_receipt_document_id, purchase_invoice_document_id, status, assigned_partner_id, created_at, updated_at) VALUES ('0c3f832f-f361-45c8-9628-f62605174e84', 'ODH3150', NULL, NULL, 2018, 'Red', 'XC60', 'Volvo', 'INTERNET', 429042.68, 720.93, NULL, NULL, 'DISTRIBUTED', '4faf9bfb-8fc5-4eb7-b93b-9309651c0792', '2025-06-16 00:00:00', '2025-10-26 00:00:00');
INSERT INTO vehicles (id, license_plate, renavam, vin, year, color, model, brand, supplier_source, purchase_price, freight_cost, purchase_payment_receipt_document_id, purchase_invoice_document_id, status, assigned_partner_id, created_at, updated_at) VALUES ('c4517695-3ad1-498d-ba22-f10e898732f5', 'IVP3829', NULL, NULL, 2011, 'Red', 'Prisma', 'Chevrolet', 'PERSONAL_CONTACT', 910149.01, 880.69, NULL, NULL, 'DISTRIBUTED', '1749e5e0-8d60-41c0-b0c6-97897bd98062', '2025-11-18 00:00:00', '2026-01-17 00:00:00');
INSERT INTO vehicles (id, license_plate, renavam, vin, year, color, model, brand, supplier_source, purchase_price, freight_cost, purchase_payment_receipt_document_id, purchase_invoice_document_id, status, assigned_partner_id, created_at, updated_at) VALUES ('5a3828a9-b3ba-4cef-ad01-8d3ee7374862', 'UUD0651', NULL, NULL, 2022, 'White', 'Corolla', 'Toyota', 'INTERNET', 386582.69, 499.44, NULL, NULL, 'IN_LOT', NULL, '2023-04-21 00:00:00', '2023-10-10 00:00:00');
INSERT INTO vehicles (id, license_plate, renavam, vin, year, color, model, brand, supplier_source, purchase_price, freight_cost, purchase_payment_receipt_document_id, purchase_invoice_document_id, status, assigned_partner_id, created_at, updated_at) VALUES ('c0ef5167-06f4-4c75-9379-1ec962e75c8f', 'URA1326', NULL, NULL, 2016, 'Gray', 'March', 'Nissan', 'PERSONAL_CONTACT', 880761.66, 214.08, NULL, NULL, 'DISTRIBUTED', '86ceb785-d7eb-4aed-afb3-316b25a4f68d', '2023-07-20 00:00:00', '2023-08-01 00:00:00');
INSERT INTO vehicles (id, license_plate, renavam, vin, year, color, model, brand, supplier_source, purchase_price, freight_cost, purchase_payment_receipt_document_id, purchase_invoice_document_id, status, assigned_partner_id, created_at, updated_at) VALUES ('47ee4ca1-240e-4ec7-a4fd-327ae36b1041', 'NWX8723', NULL, NULL, 2021, 'Silver', 'Sportage', 'Kia', 'INTERNET', 301942.91, 816.46, NULL, NULL, 'IN_SERVICE', NULL, '2025-07-20 00:00:00', '2025-10-01 00:00:00');
INSERT INTO vehicles (id, license_plate, renavam, vin, year, color, model, brand, supplier_source, purchase_price, freight_cost, purchase_payment_receipt_document_id, purchase_invoice_document_id, status, assigned_partner_id, created_at, updated_at) VALUES ('baf22c6b-76f6-461b-b9c1-f8dc3a246525', 'CVH6193', NULL, NULL, 2010, 'Red', 'A4', 'Audi', 'INTERNET', 962739.96, 218.09, NULL, NULL, 'DISTRIBUTED', '411626a8-8249-4acf-a706-3e429ba02888', '2023-05-21 00:00:00', '2023-10-20 00:00:00');
INSERT INTO vehicles (id, license_plate, renavam, vin, year, color, model, brand, supplier_source, purchase_price, freight_cost, purchase_payment_receipt_document_id, purchase_invoice_document_id, status, assigned_partner_id, created_at, updated_at) VALUES ('1dea2748-4c52-4f97-9b38-e84363aa7340', 'OTS1183', NULL, NULL, 2013, 'Red', 'March', 'Nissan', 'PERSONAL_CONTACT', 688105.71, 405.00, NULL, NULL, 'DISTRIBUTED', '4faf9bfb-8fc5-4eb7-b93b-9309651c0792', '2023-05-29 00:00:00', '2023-05-31 00:00:00');
INSERT INTO vehicles (id, license_plate, renavam, vin, year, color, model, brand, supplier_source, purchase_price, freight_cost, purchase_payment_receipt_document_id, purchase_invoice_document_id, status, assigned_partner_id, created_at, updated_at) VALUES ('4e4b5a16-65bd-4af9-8dcc-3d95d457b9b0', 'TZU8084', NULL, NULL, 2018, 'Blue', 'Logan', 'Renault', 'INTERNET', 199859.49, 858.68, NULL, NULL, 'IN_SERVICE', NULL, '2026-12-11 00:00:00', '2027-02-26 00:00:00');
INSERT INTO vehicles (id, license_plate, renavam, vin, year, color, model, brand, supplier_source, purchase_price, freight_cost, purchase_payment_receipt_document_id, purchase_invoice_document_id, status, assigned_partner_id, created_at, updated_at) VALUES ('8ceff8a9-46ea-4e26-ac52-7e734a8487ba', 'IBC6400', NULL, NULL, 2015, 'Silver', 'Wrangler', 'Jeep', 'INTERNET', 731731.58, 323.06, NULL, NULL, 'DISTRIBUTED', '1e01a465-6831-4941-98d6-bbf45d6f63fe', '2025-11-01 00:00:00', '2026-03-06 00:00:00');
INSERT INTO vehicles (id, license_plate, renavam, vin, year, color, model, brand, supplier_source, purchase_price, freight_cost, purchase_payment_receipt_document_id, purchase_invoice_document_id, status, assigned_partner_id, created_at, updated_at) VALUES ('ec055561-bf84-4700-bbb8-3e502985341f', 'BJL0533', NULL, NULL, 2010, 'Blue', 'WR-V', 'Honda', 'INTERNET', 842865.27, 645.13, NULL, NULL, 'DISTRIBUTED', '411626a8-8249-4acf-a706-3e429ba02888', '2025-05-30 00:00:00', '2025-07-01 00:00:00');
INSERT INTO vehicles (id, license_plate, renavam, vin, year, color, model, brand, supplier_source, purchase_price, freight_cost, purchase_payment_receipt_document_id, purchase_invoice_document_id, status, assigned_partner_id, created_at, updated_at) VALUES ('fb46819e-29cd-4a45-a597-07a57ea54fca', 'FXK6342', NULL, NULL, 2016, 'Blue', 'Tiggo 5X', 'Chery', 'INTERNET', 871375.41, 979.78, NULL, NULL, 'DISTRIBUTED', '411626a8-8249-4acf-a706-3e429ba02888', '2025-04-24 00:00:00', '2025-04-30 00:00:00');
INSERT INTO vehicles (id, license_plate, renavam, vin, year, color, model, brand, supplier_source, purchase_price, freight_cost, purchase_payment_receipt_document_id, purchase_invoice_document_id, status, assigned_partner_id, created_at, updated_at) VALUES ('1c0250e8-6e7b-4968-98e1-353aaae269db', 'VGM5414', NULL, NULL, 2020, 'Silver', 'i30', 'Hyundai', 'PERSONAL_CONTACT', 339931.32, 826.04, NULL, NULL, 'DISTRIBUTED', 'bb0a1d1e-e5ec-4814-93b7-3e8c681e8340', '2024-04-01 00:00:00', '2024-04-07 00:00:00');
INSERT INTO vehicles (id, license_plate, renavam, vin, year, color, model, brand, supplier_source, purchase_price, freight_cost, purchase_payment_receipt_document_id, purchase_invoice_document_id, status, assigned_partner_id, created_at, updated_at) VALUES ('3bef74cf-eb97-49f9-8b03-bdc6d6eeaf0f', 'GIB6088', NULL, NULL, 2019, 'Blue', 'Pajero', 'Mitsubishi', 'INTERNET', 464574.19, 986.60, NULL, NULL, 'DISTRIBUTED', '1749e5e0-8d60-41c0-b0c6-97897bd98062', '2025-02-27 00:00:00', '2025-07-24 00:00:00');
INSERT INTO vehicles (id, license_plate, renavam, vin, year, color, model, brand, supplier_source, purchase_price, freight_cost, purchase_payment_receipt_document_id, purchase_invoice_document_id, status, assigned_partner_id, created_at, updated_at) VALUES ('19219435-1adc-4649-937d-b776a41d4226', 'VNK6482', NULL, NULL, 2019, 'White', 'Partner', 'Peugeot', 'PERSONAL_CONTACT', 680218.10, 255.93, NULL, NULL, 'DISTRIBUTED', '1e01a465-6831-4941-98d6-bbf45d6f63fe', '2025-11-04 00:00:00', '2026-01-22 00:00:00');
INSERT INTO vehicles (id, license_plate, renavam, vin, year, color, model, brand, supplier_source, purchase_price, freight_cost, purchase_payment_receipt_document_id, purchase_invoice_document_id, status, assigned_partner_id, created_at, updated_at) VALUES ('aaadb8c5-4d7c-4b5d-92c5-690ef4d6a74e', 'OVG8721', NULL, NULL, 2022, 'Silver', 'Compass', 'Jeep', 'PERSONAL_CONTACT', 796470.89, 665.66, NULL, NULL, 'DISTRIBUTED', '4faf9bfb-8fc5-4eb7-b93b-9309651c0792', '2025-08-10 00:00:00', '2025-12-01 00:00:00');
INSERT INTO vehicles (id, license_plate, renavam, vin, year, color, model, brand, supplier_source, purchase_price, freight_cost, purchase_payment_receipt_document_id, purchase_invoice_document_id, status, assigned_partner_id, created_at, updated_at) VALUES ('79c55e69-5ff0-4ddd-b483-548ec46a5346', 'NUS3676', NULL, NULL, 2009, 'White', 'Creta', 'Hyundai', 'INTERNET', 93903.03, 986.35, NULL, NULL, 'DISTRIBUTED', 'd79cf6e2-899d-4160-bac5-d8f4fae87413', '2023-05-30 00:00:00', '2023-09-23 00:00:00');
INSERT INTO vehicles (id, license_plate, renavam, vin, year, color, model, brand, supplier_source, purchase_price, freight_cost, purchase_payment_receipt_document_id, purchase_invoice_document_id, status, assigned_partner_id, created_at, updated_at) VALUES ('1c12c099-5f15-4e97-93a5-9a890fa8e38c', 'EZO8895', NULL, NULL, 2010, 'Gray', 'Q5', 'Audi', 'PERSONAL_CONTACT', 579535.50, 929.85, NULL, NULL, 'READY_FOR_DISTRIBUTION', NULL, '2023-09-06 00:00:00', '2023-12-31 00:00:00');
INSERT INTO vehicles (id, license_plate, renavam, vin, year, color, model, brand, supplier_source, purchase_price, freight_cost, purchase_payment_receipt_document_id, purchase_invoice_document_id, status, assigned_partner_id, created_at, updated_at) VALUES ('be7cef50-9bc2-40c4-9522-8fda00a607e0', 'IKK8122', NULL, NULL, 2016, 'White', 'Q5', 'Audi', 'PERSONAL_CONTACT', 310867.57, 215.86, NULL, NULL, 'IN_SERVICE', NULL, '2024-08-08 00:00:00', '2024-10-07 00:00:00');
INSERT INTO vehicles (id, license_plate, renavam, vin, year, color, model, brand, supplier_source, purchase_price, freight_cost, purchase_payment_receipt_document_id, purchase_invoice_document_id, status, assigned_partner_id, created_at, updated_at) VALUES ('072445c8-85a6-49a6-b853-6f544d7683c2', 'YSM7054', NULL, NULL, 2021, 'Gray', 'i30', 'Hyundai', 'PERSONAL_CONTACT', 909596.55, 646.47, NULL, NULL, 'READY_FOR_DISTRIBUTION', NULL, '2026-11-25 00:00:00', '2026-11-30 00:00:00');
INSERT INTO vehicles (id, license_plate, renavam, vin, year, color, model, brand, supplier_source, purchase_price, freight_cost, purchase_payment_receipt_document_id, purchase_invoice_document_id, status, assigned_partner_id, created_at, updated_at) VALUES ('ed620399-b025-4eda-b137-df1341c1da98', 'VZM2729', NULL, NULL, 2016, 'Red', 'Duster', 'Renault', 'INTERNET', 309288.55, 562.80, NULL, NULL, 'DISTRIBUTED', '3c4329cc-2dbb-4f3a-b384-9bcc06a6932e', '2024-11-19 00:00:00', '2025-05-09 00:00:00');
INSERT INTO vehicles (id, license_plate, renavam, vin, year, color, model, brand, supplier_source, purchase_price, freight_cost, purchase_payment_receipt_document_id, purchase_invoice_document_id, status, assigned_partner_id, created_at, updated_at) VALUES ('85eaff51-0988-49e6-821d-e62c7bcf4c2c', 'ICP0805', NULL, NULL, 2015, 'White', 'Soul', 'Kia', 'INTERNET', 481964.36, 436.88, NULL, NULL, 'DISTRIBUTED', '3c4329cc-2dbb-4f3a-b384-9bcc06a6932e', '2024-07-23 00:00:00', '2024-11-07 00:00:00');
INSERT INTO vehicles (id, license_plate, renavam, vin, year, color, model, brand, supplier_source, purchase_price, freight_cost, purchase_payment_receipt_document_id, purchase_invoice_document_id, status, assigned_partner_id, created_at, updated_at) VALUES ('1958e3a9-4636-41be-908e-d375c859d445', 'TTX1241', NULL, NULL, 2012, 'Red', 'Fit', 'Honda', 'INTERNET', 585771.10, 335.27, NULL, NULL, 'DISTRIBUTED', '1e01a465-6831-4941-98d6-bbf45d6f63fe', '2025-01-25 00:00:00', '2025-03-08 00:00:00');
INSERT INTO vehicles (id, license_plate, renavam, vin, year, color, model, brand, supplier_source, purchase_price, freight_cost, purchase_payment_receipt_document_id, purchase_invoice_document_id, status, assigned_partner_id, created_at, updated_at) VALUES ('29a95945-ff28-48d4-a4a0-cd0c9e984a64', 'NVL1850', NULL, NULL, 2012, 'Gray', 'Wrangler', 'Jeep', 'PERSONAL_CONTACT', 806415.86, 631.04, NULL, NULL, 'DISTRIBUTED', '73ee499d-1b1e-45a6-9b4c-1dd2e363e212', '2024-12-12 00:00:00', '2025-04-27 00:00:00');
INSERT INTO vehicles (id, license_plate, renavam, vin, year, color, model, brand, supplier_source, purchase_price, freight_cost, purchase_payment_receipt_document_id, purchase_invoice_document_id, status, assigned_partner_id, created_at, updated_at) VALUES ('27f4415d-4881-4772-ab55-2daf377776a1', 'TZR7769', NULL, NULL, 2022, 'Silver', 'X1', 'BMW', 'PERSONAL_CONTACT', 217330.11, 593.48, NULL, NULL, 'IN_SERVICE', NULL, '2026-08-25 00:00:00', '2026-11-02 00:00:00');
INSERT INTO vehicles (id, license_plate, renavam, vin, year, color, model, brand, supplier_source, purchase_price, freight_cost, purchase_payment_receipt_document_id, purchase_invoice_document_id, status, assigned_partner_id, created_at, updated_at) VALUES ('82770277-3396-4f4d-951c-1966c3332ffc', 'ZIK4948', NULL, NULL, 2009, 'Black', 'Soul', 'Kia', 'INTERNET', 519591.18, 426.26, NULL, NULL, 'DISTRIBUTED', 'c150f514-0802-4d9b-867b-e0f10dd81e50', '2024-03-10 00:00:00', '2024-06-08 00:00:00');
INSERT INTO vehicles (id, license_plate, renavam, vin, year, color, model, brand, supplier_source, purchase_price, freight_cost, purchase_payment_receipt_document_id, purchase_invoice_document_id, status, assigned_partner_id, created_at, updated_at) VALUES ('44d63c42-8d63-421e-b973-5a36a4dd3324', 'MWH4957', NULL, NULL, 2024, 'Red', 'Duster', 'Renault', 'PERSONAL_CONTACT', 475765.82, 164.66, NULL, NULL, 'READY_FOR_DISTRIBUTION', NULL, '2024-08-25 00:00:00', '2024-10-20 00:00:00');
INSERT INTO vehicles (id, license_plate, renavam, vin, year, color, model, brand, supplier_source, purchase_price, freight_cost, purchase_payment_receipt_document_id, purchase_invoice_document_id, status, assigned_partner_id, created_at, updated_at) VALUES ('d7b35033-0d34-4e27-8b51-c4a4b3e773f1', 'DXR2337', NULL, NULL, 2018, 'Silver', 'X3', 'BMW', 'PERSONAL_CONTACT', 288833.49, 252.56, NULL, NULL, 'IN_LOT', NULL, '2024-01-30 00:00:00', '2024-04-19 00:00:00');
INSERT INTO vehicles (id, license_plate, renavam, vin, year, color, model, brand, supplier_source, purchase_price, freight_cost, purchase_payment_receipt_document_id, purchase_invoice_document_id, status, assigned_partner_id, created_at, updated_at) VALUES ('ed8b1530-632b-48a3-ad06-96e4c138eac7', 'DAS4777', NULL, NULL, 2010, 'Silver', 'HR-V', 'Honda', 'INTERNET', 975580.18, 620.36, NULL, NULL, 'DISTRIBUTED', '411626a8-8249-4acf-a706-3e429ba02888', '2026-07-30 00:00:00', '2026-12-02 00:00:00');
INSERT INTO vehicles (id, license_plate, renavam, vin, year, color, model, brand, supplier_source, purchase_price, freight_cost, purchase_payment_receipt_document_id, purchase_invoice_document_id, status, assigned_partner_id, created_at, updated_at) VALUES ('5413311f-6aea-4689-814b-24a8f4b39ff5', 'TZT3867', NULL, NULL, 2018, 'Gray', 'WR-V', 'Honda', 'PERSONAL_CONTACT', 130921.86, 360.96, NULL, NULL, 'DISTRIBUTED', '86ceb785-d7eb-4aed-afb3-316b25a4f68d', '2025-05-02 00:00:00', '2025-10-04 00:00:00');
INSERT INTO vehicles (id, license_plate, renavam, vin, year, color, model, brand, supplier_source, purchase_price, freight_cost, purchase_payment_receipt_document_id, purchase_invoice_document_id, status, assigned_partner_id, created_at, updated_at) VALUES ('9aefd00d-b772-4884-b3ca-55bb269dc5ea', 'WTP4034', NULL, NULL, 2016, 'Blue', 'Polo', 'Volkswagen', 'PERSONAL_CONTACT', 215122.87, 213.81, NULL, NULL, 'DISTRIBUTED', '73ee499d-1b1e-45a6-9b4c-1dd2e363e212', '2025-04-16 00:00:00', '2025-08-09 00:00:00');
INSERT INTO vehicles (id, license_plate, renavam, vin, year, color, model, brand, supplier_source, purchase_price, freight_cost, purchase_payment_receipt_document_id, purchase_invoice_document_id, status, assigned_partner_id, created_at, updated_at) VALUES ('234cd86e-7f74-4c0b-8d2f-0d23331e0be2', 'BFZ4994', NULL, NULL, 2012, 'Gray', 'i30', 'Hyundai', 'INTERNET', 567334.26, 700.49, NULL, NULL, 'DISTRIBUTED', '1e01a465-6831-4941-98d6-bbf45d6f63fe', '2023-10-19 00:00:00', '2023-11-06 00:00:00');
INSERT INTO vehicles (id, license_plate, renavam, vin, year, color, model, brand, supplier_source, purchase_price, freight_cost, purchase_payment_receipt_document_id, purchase_invoice_document_id, status, assigned_partner_id, created_at, updated_at) VALUES ('b3003bf1-4823-47e0-aef3-40372f859622', 'TIA1399', NULL, NULL, 2026, 'Black', 'Frontier', 'Nissan', 'PERSONAL_CONTACT', 519105.46, 218.38, NULL, NULL, 'DISTRIBUTED', '73ee499d-1b1e-45a6-9b4c-1dd2e363e212', '2025-06-03 00:00:00', '2025-08-24 00:00:00');
INSERT INTO vehicles (id, license_plate, renavam, vin, year, color, model, brand, supplier_source, purchase_price, freight_cost, purchase_payment_receipt_document_id, purchase_invoice_document_id, status, assigned_partner_id, created_at, updated_at) VALUES ('fbd92d06-6ead-44d6-ad98-e41e7b9983e4', 'LNK5125', NULL, NULL, 2014, 'Gray', 'X3', 'BMW', 'PERSONAL_CONTACT', 997098.20, 520.50, NULL, NULL, 'DISTRIBUTED', 'c150f514-0802-4d9b-867b-e0f10dd81e50', '2023-07-06 00:00:00', '2023-11-03 00:00:00');
INSERT INTO vehicles (id, license_plate, renavam, vin, year, color, model, brand, supplier_source, purchase_price, freight_cost, purchase_payment_receipt_document_id, purchase_invoice_document_id, status, assigned_partner_id, created_at, updated_at) VALUES ('9f61a539-80fb-4eed-be21-5e8d2715088f', 'VRO6038', NULL, NULL, 2011, 'Silver', 'Tracker', 'Chevrolet', 'PERSONAL_CONTACT', 348791.30, 424.78, NULL, NULL, 'DISTRIBUTED', '3c4329cc-2dbb-4f3a-b384-9bcc06a6932e', '2025-11-19 00:00:00', '2025-11-19 00:00:00');
INSERT INTO vehicles (id, license_plate, renavam, vin, year, color, model, brand, supplier_source, purchase_price, freight_cost, purchase_payment_receipt_document_id, purchase_invoice_document_id, status, assigned_partner_id, created_at, updated_at) VALUES ('537fcbd1-07a5-4f5b-bd86-70d3c77bd296', 'JRA8613', NULL, NULL, 2009, 'Black', 'C180', 'Mercedes-Benz', 'PERSONAL_CONTACT', 974489.48, 667.54, NULL, NULL, 'DISTRIBUTED', 'bb0a1d1e-e5ec-4814-93b7-3e8c681e8340', '2026-12-24 00:00:00', '2027-02-02 00:00:00');
INSERT INTO vehicles (id, license_plate, renavam, vin, year, color, model, brand, supplier_source, purchase_price, freight_cost, purchase_payment_receipt_document_id, purchase_invoice_document_id, status, assigned_partner_id, created_at, updated_at) VALUES ('c663c0b0-1408-4e7a-8de9-1d79d6ea1335', 'QXE1465', NULL, NULL, 2016, 'Red', 'GLC300', 'Mercedes-Benz', 'PERSONAL_CONTACT', 483947.15, 272.95, NULL, NULL, 'IN_SERVICE', NULL, '2024-01-26 00:00:00', '2024-06-27 00:00:00');
INSERT INTO vehicles (id, license_plate, renavam, vin, year, color, model, brand, supplier_source, purchase_price, freight_cost, purchase_payment_receipt_document_id, purchase_invoice_document_id, status, assigned_partner_id, created_at, updated_at) VALUES ('9b537766-7bb2-46ca-8c31-8abf92ca120e', 'HSM3605', NULL, NULL, 2026, 'Blue', 'C4 Lounge', 'Citroen', 'PERSONAL_CONTACT', 774729.04, 470.63, NULL, NULL, 'DISTRIBUTED', '4faf9bfb-8fc5-4eb7-b93b-9309651c0792', '2024-01-22 00:00:00', '2024-07-18 00:00:00');
INSERT INTO vehicles (id, license_plate, renavam, vin, year, color, model, brand, supplier_source, purchase_price, freight_cost, purchase_payment_receipt_document_id, purchase_invoice_document_id, status, assigned_partner_id, created_at, updated_at) VALUES ('604c9a79-6efc-40f4-a538-24e6243af22b', 'AXE6217', NULL, NULL, 2012, 'Silver', 'Defender', 'Land Rover', 'PERSONAL_CONTACT', 880480.86, 524.26, NULL, NULL, 'IN_SERVICE', NULL, '2025-12-13 00:00:00', '2026-04-08 00:00:00');
INSERT INTO vehicles (id, license_plate, renavam, vin, year, color, model, brand, supplier_source, purchase_price, freight_cost, purchase_payment_receipt_document_id, purchase_invoice_document_id, status, assigned_partner_id, created_at, updated_at) VALUES ('162e014d-8520-4ea7-bc66-c4b43a6592ec', 'NDY1724', NULL, NULL, 2010, 'Black', 'A200', 'Mercedes-Benz', 'INTERNET', 636586.49, 349.55, NULL, NULL, 'DISTRIBUTED', '1e01a465-6831-4941-98d6-bbf45d6f63fe', '2024-04-10 00:00:00', '2024-05-03 00:00:00');
INSERT INTO vehicles (id, license_plate, renavam, vin, year, color, model, brand, supplier_source, purchase_price, freight_cost, purchase_payment_receipt_document_id, purchase_invoice_document_id, status, assigned_partner_id, created_at, updated_at) VALUES ('f67879db-172e-4a23-bc9d-31e47630b452', 'CTM9379', NULL, NULL, 2016, 'White', 'Outlander', 'Mitsubishi', 'INTERNET', 554608.00, 631.04, NULL, NULL, 'DISTRIBUTED', '411626a8-8249-4acf-a706-3e429ba02888', '2023-12-15 00:00:00', '2024-01-28 00:00:00');
INSERT INTO vehicles (id, license_plate, renavam, vin, year, color, model, brand, supplier_source, purchase_price, freight_cost, purchase_payment_receipt_document_id, purchase_invoice_document_id, status, assigned_partner_id, created_at, updated_at) VALUES ('63ccb30b-042a-413f-9cb8-15cb060d249c', 'SJU6474', NULL, NULL, 2018, 'White', 'Cronos', 'Fiat', 'PERSONAL_CONTACT', 693730.34, 284.28, NULL, NULL, 'IN_SERVICE', NULL, '2025-06-23 00:00:00', '2025-09-19 00:00:00');
INSERT INTO vehicles (id, license_plate, renavam, vin, year, color, model, brand, supplier_source, purchase_price, freight_cost, purchase_payment_receipt_document_id, purchase_invoice_document_id, status, assigned_partner_id, created_at, updated_at) VALUES ('a086e096-5db2-4e22-a870-27951b118261', 'JYZ3953', NULL, NULL, 2021, 'Blue', 'Renegade', 'Jeep', 'INTERNET', 310756.36, 631.04, NULL, NULL, 'DISTRIBUTED', '73ee499d-1b1e-45a6-9b4c-1dd2e363e212', '2026-05-26 00:00:00', '2026-09-30 00:00:00');
INSERT INTO vehicles (id, license_plate, renavam, vin, year, color, model, brand, supplier_source, purchase_price, freight_cost, purchase_payment_receipt_document_id, purchase_invoice_document_id, status, assigned_partner_id, created_at, updated_at) VALUES ('76897055-328c-45e4-b54c-60b619e00bcb', 'FGE8588', NULL, NULL, 2020, 'Silver', '320i', 'BMW', 'INTERNET', 745741.78, 226.61, NULL, NULL, 'DISTRIBUTED', '1e01a465-6831-4941-98d6-bbf45d6f63fe', '2024-10-31 00:00:00', '2025-02-14 00:00:00');
INSERT INTO vehicles (id, license_plate, renavam, vin, year, color, model, brand, supplier_source, purchase_price, freight_cost, purchase_payment_receipt_document_id, purchase_invoice_document_id, status, assigned_partner_id, created_at, updated_at) VALUES ('53c440fb-ed10-48ab-b9b9-2ae48dbc9147', 'MZR5160', NULL, NULL, 2023, 'Silver', '208', 'Peugeot', 'INTERNET', 964748.63, 269.64, NULL, NULL, 'DISTRIBUTED', 'bb0a1d1e-e5ec-4814-93b7-3e8c681e8340', '2026-10-17 00:00:00', '2027-04-07 00:00:00');
INSERT INTO vehicles (id, license_plate, renavam, vin, year, color, model, brand, supplier_source, purchase_price, freight_cost, purchase_payment_receipt_document_id, purchase_invoice_document_id, status, assigned_partner_id, created_at, updated_at) VALUES ('3efcda30-a4ca-45de-84f3-dad859f65079', 'RKT3174', NULL, NULL, 2020, 'Blue', 'Range Rover Sport', 'Land Rover', 'PERSONAL_CONTACT', 152928.80, 348.75, NULL, NULL, 'IN_LOT', NULL, '2023-02-21 00:00:00', '2023-07-29 00:00:00');
INSERT INTO vehicles (id, license_plate, renavam, vin, year, color, model, brand, supplier_source, purchase_price, freight_cost, purchase_payment_receipt_document_id, purchase_invoice_document_id, status, assigned_partner_id, created_at, updated_at) VALUES ('41563e0d-348e-4835-bd22-284a73bd7a8f', 'LVX8692', NULL, NULL, 2012, 'Gray', 'C180', 'Mercedes-Benz', 'INTERNET', 273060.03, 606.91, NULL, NULL, 'READY_FOR_DISTRIBUTION', NULL, '2025-03-06 00:00:00', '2025-06-30 00:00:00');
INSERT INTO vehicles (id, license_plate, renavam, vin, year, color, model, brand, supplier_source, purchase_price, freight_cost, purchase_payment_receipt_document_id, purchase_invoice_document_id, status, assigned_partner_id, created_at, updated_at) VALUES ('bc0f8918-6710-4639-bf6d-9708d7d6f320', 'VGU9005', NULL, NULL, 2020, 'White', 'Berlingo', 'Citroen', 'INTERNET', 107522.58, 384.50, NULL, NULL, 'DISTRIBUTED', '1749e5e0-8d60-41c0-b0c6-97897bd98062', '2025-07-20 00:00:00', '2025-08-12 00:00:00');
INSERT INTO vehicles (id, license_plate, renavam, vin, year, color, model, brand, supplier_source, purchase_price, freight_cost, purchase_payment_receipt_document_id, purchase_invoice_document_id, status, assigned_partner_id, created_at, updated_at) VALUES ('89e70ca9-0d70-47a0-8454-ba4ba2a2f32c', 'RIZ2102', NULL, NULL, 2013, 'Black', 'Logan', 'Renault', 'PERSONAL_CONTACT', 799211.57, 656.58, NULL, NULL, 'DISTRIBUTED', '1e01a465-6831-4941-98d6-bbf45d6f63fe', '2023-10-24 00:00:00', '2023-11-26 00:00:00');
INSERT INTO vehicles (id, license_plate, renavam, vin, year, color, model, brand, supplier_source, purchase_price, freight_cost, purchase_payment_receipt_document_id, purchase_invoice_document_id, status, assigned_partner_id, created_at, updated_at) VALUES ('be4f6111-5efe-4a12-b35d-b0088aa9fc0c', 'SDO8390', NULL, NULL, 2012, 'Blue', 'Eclipse Cross', 'Mitsubishi', 'PERSONAL_CONTACT', 758382.01, 554.81, NULL, NULL, 'IN_LOT', NULL, '2025-01-11 00:00:00', '2025-05-22 00:00:00');
INSERT INTO vehicles (id, license_plate, renavam, vin, year, color, model, brand, supplier_source, purchase_price, freight_cost, purchase_payment_receipt_document_id, purchase_invoice_document_id, status, assigned_partner_id, created_at, updated_at) VALUES ('764addb9-79e4-418b-8498-985a908a5bb5', 'TEC2499', NULL, NULL, 2012, 'Red', 'Seltos', 'Kia', 'PERSONAL_CONTACT', 515755.41, 923.25, NULL, NULL, 'DISTRIBUTED', '1749e5e0-8d60-41c0-b0c6-97897bd98062', '2023-06-15 00:00:00', '2023-09-05 00:00:00');
INSERT INTO vehicles (id, license_plate, renavam, vin, year, color, model, brand, supplier_source, purchase_price, freight_cost, purchase_payment_receipt_document_id, purchase_invoice_document_id, status, assigned_partner_id, created_at, updated_at) VALUES ('7953806a-840e-4a90-97af-ad528dc5dd78', 'YRX3673', NULL, NULL, 2022, 'Gray', 'TT', 'Audi', 'PERSONAL_CONTACT', 144219.54, 746.51, NULL, NULL, 'IN_SERVICE', NULL, '2026-09-02 00:00:00', '2027-02-15 00:00:00');
INSERT INTO vehicles (id, license_plate, renavam, vin, year, color, model, brand, supplier_source, purchase_price, freight_cost, purchase_payment_receipt_document_id, purchase_invoice_document_id, status, assigned_partner_id, created_at, updated_at) VALUES ('17d7b125-6e70-4fac-811c-93117fb25623', 'RBS8851', NULL, NULL, 2011, 'Gray', 'C180', 'Mercedes-Benz', 'PERSONAL_CONTACT', 840183.29, 229.25, NULL, NULL, 'DISTRIBUTED', '1749e5e0-8d60-41c0-b0c6-97897bd98062', '2025-02-02 00:00:00', '2025-03-07 00:00:00');
INSERT INTO vehicles (id, license_plate, renavam, vin, year, color, model, brand, supplier_source, purchase_price, freight_cost, purchase_payment_receipt_document_id, purchase_invoice_document_id, status, assigned_partner_id, created_at, updated_at) VALUES ('a54d8f69-b515-47df-9ef6-aa250eb0ec56', 'HZN8998', NULL, NULL, 2012, 'Black', 'C200', 'Mercedes-Benz', 'PERSONAL_CONTACT', 382608.29, 622.83, NULL, NULL, 'DISTRIBUTED', '1749e5e0-8d60-41c0-b0c6-97897bd98062', '2024-07-24 00:00:00', '2024-12-17 00:00:00');
INSERT INTO vehicles (id, license_plate, renavam, vin, year, color, model, brand, supplier_source, purchase_price, freight_cost, purchase_payment_receipt_document_id, purchase_invoice_document_id, status, assigned_partner_id, created_at, updated_at) VALUES ('d2ce8f62-9e24-437b-8ecb-c33b09823d30', 'XUA1836', NULL, NULL, 2009, 'Gray', '308', 'Peugeot', 'PERSONAL_CONTACT', 222335.28, 271.76, NULL, NULL, 'DISTRIBUTED', '3c4329cc-2dbb-4f3a-b384-9bcc06a6932e', '2023-05-23 00:00:00', '2023-06-28 00:00:00');
INSERT INTO vehicles (id, license_plate, renavam, vin, year, color, model, brand, supplier_source, purchase_price, freight_cost, purchase_payment_receipt_document_id, purchase_invoice_document_id, status, assigned_partner_id, created_at, updated_at) VALUES ('393c2ba2-9749-4d2e-b788-f56466389d51', 'VCI7679', NULL, NULL, 2011, 'Gray', 'Freelander', 'Land Rover', 'PERSONAL_CONTACT', 889175.08, 282.24, NULL, NULL, 'IN_SERVICE', NULL, '2026-06-19 00:00:00', '2026-07-01 00:00:00');
INSERT INTO vehicles (id, license_plate, renavam, vin, year, color, model, brand, supplier_source, purchase_price, freight_cost, purchase_payment_receipt_document_id, purchase_invoice_document_id, status, assigned_partner_id, created_at, updated_at) VALUES ('1ebaa8e1-1469-4f57-8907-88220b782fcd', 'BAG4324', NULL, NULL, 2024, 'Silver', 'Hilux', 'Toyota', 'PERSONAL_CONTACT', 550587.40, 412.16, NULL, NULL, 'DISTRIBUTED', 'bb0a1d1e-e5ec-4814-93b7-3e8c681e8340', '2025-03-20 00:00:00', '2025-08-20 00:00:00');
INSERT INTO vehicles (id, license_plate, renavam, vin, year, color, model, brand, supplier_source, purchase_price, freight_cost, purchase_payment_receipt_document_id, purchase_invoice_document_id, status, assigned_partner_id, created_at, updated_at) VALUES ('0ca1b175-a482-46f4-a1e5-aa99295e2055', 'CMX0607', NULL, NULL, 2026, 'Black', 'Fit', 'Honda', 'PERSONAL_CONTACT', 718487.70, 575.22, NULL, NULL, 'IN_SERVICE', NULL, '2026-09-30 00:00:00', '2026-12-29 00:00:00');
INSERT INTO vehicles (id, license_plate, renavam, vin, year, color, model, brand, supplier_source, purchase_price, freight_cost, purchase_payment_receipt_document_id, purchase_invoice_document_id, status, assigned_partner_id, created_at, updated_at) VALUES ('b7b085aa-7f76-4b64-9784-112235c80568', 'OWL1613', NULL, NULL, 2012, 'Gray', 'Pajero', 'Mitsubishi', 'PERSONAL_CONTACT', 434780.69, 971.27, NULL, NULL, 'IN_LOT', NULL, '2023-12-18 00:00:00', '2024-05-24 00:00:00');
INSERT INTO vehicles (id, license_plate, renavam, vin, year, color, model, brand, supplier_source, purchase_price, freight_cost, purchase_payment_receipt_document_id, purchase_invoice_document_id, status, assigned_partner_id, created_at, updated_at) VALUES ('780ff3b8-7b4c-49a2-bbc6-e3dc0baca658', 'QQG5523', NULL, NULL, 2019, 'Black', '2008', 'Peugeot', 'INTERNET', 790161.98, 214.92, NULL, NULL, 'IN_LOT', NULL, '2026-07-20 00:00:00', '2026-08-18 00:00:00');
INSERT INTO vehicles (id, license_plate, renavam, vin, year, color, model, brand, supplier_source, purchase_price, freight_cost, purchase_payment_receipt_document_id, purchase_invoice_document_id, status, assigned_partner_id, created_at, updated_at) VALUES ('2297f341-2706-47cb-9b68-18dcdcca4654', 'SUU9552', NULL, NULL, 2024, 'Gray', 'Polo', 'Volkswagen', 'INTERNET', 490755.42, 629.18, NULL, NULL, 'DISTRIBUTED', 'd79cf6e2-899d-4160-bac5-d8f4fae87413', '2025-07-08 00:00:00', '2025-12-29 00:00:00');
INSERT INTO vehicles (id, license_plate, renavam, vin, year, color, model, brand, supplier_source, purchase_price, freight_cost, purchase_payment_receipt_document_id, purchase_invoice_document_id, status, assigned_partner_id, created_at, updated_at) VALUES ('5cd80588-ec99-4c87-81e6-50f2af4d750c', 'LJC1998', NULL, NULL, 2020, 'Gray', 'Range Rover Evoque', 'Land Rover', 'PERSONAL_CONTACT', 531970.04, 413.85, NULL, NULL, 'DISTRIBUTED', 'c150f514-0802-4d9b-867b-e0f10dd81e50', '2023-03-19 00:00:00', '2023-04-02 00:00:00');
INSERT INTO vehicles (id, license_plate, renavam, vin, year, color, model, brand, supplier_source, purchase_price, freight_cost, purchase_payment_receipt_document_id, purchase_invoice_document_id, status, assigned_partner_id, created_at, updated_at) VALUES ('cf234313-1874-42ba-815f-192a2deac48c', 'DZK1820', NULL, NULL, 2019, 'White', 'Discovery Sport', 'Land Rover', 'PERSONAL_CONTACT', 624755.54, 576.16, NULL, NULL, 'IN_SERVICE', NULL, '2023-05-07 00:00:00', '2023-08-30 00:00:00');
INSERT INTO vehicles (id, license_plate, renavam, vin, year, color, model, brand, supplier_source, purchase_price, freight_cost, purchase_payment_receipt_document_id, purchase_invoice_document_id, status, assigned_partner_id, created_at, updated_at) VALUES ('8a9907ba-4cb7-4adb-944f-12dfd0de3581', 'XVT2519', NULL, NULL, 2019, 'Blue', 'Tiggo 2', 'Chery', 'INTERNET', 112616.26, 230.33, NULL, NULL, 'DISTRIBUTED', '3c4329cc-2dbb-4f3a-b384-9bcc06a6932e', '2024-08-04 00:00:00', '2024-10-07 00:00:00');
INSERT INTO vehicles (id, license_plate, renavam, vin, year, color, model, brand, supplier_source, purchase_price, freight_cost, purchase_payment_receipt_document_id, purchase_invoice_document_id, status, assigned_partner_id, created_at, updated_at) VALUES ('3e908b33-55e7-4589-a0a5-a52061e54feb', 'LJF3573', NULL, NULL, 2025, 'White', '2008', 'Peugeot', 'INTERNET', 138780.32, 719.89, NULL, NULL, 'DISTRIBUTED', '86ceb785-d7eb-4aed-afb3-316b25a4f68d', '2025-01-11 00:00:00', '2025-01-15 00:00:00');
INSERT INTO vehicles (id, license_plate, renavam, vin, year, color, model, brand, supplier_source, purchase_price, freight_cost, purchase_payment_receipt_document_id, purchase_invoice_document_id, status, assigned_partner_id, created_at, updated_at) VALUES ('b4103327-9edc-47d0-a736-8bc41493e339', 'MEF2927', NULL, NULL, 2025, 'Black', 'TT', 'Audi', 'PERSONAL_CONTACT', 85860.12, 436.25, NULL, NULL, 'DISTRIBUTED', 'd79cf6e2-899d-4160-bac5-d8f4fae87413', '2023-09-26 00:00:00', '2024-02-25 00:00:00');
INSERT INTO vehicles (id, license_plate, renavam, vin, year, color, model, brand, supplier_source, purchase_price, freight_cost, purchase_payment_receipt_document_id, purchase_invoice_document_id, status, assigned_partner_id, created_at, updated_at) VALUES ('bd43b783-02ea-4db4-8b1f-c62417f3e3f2', 'LVS7746', NULL, NULL, 2023, 'Red', 'Tiggo 7', 'Chery', 'PERSONAL_CONTACT', 272302.80, 353.29, NULL, NULL, 'IN_SERVICE', NULL, '2025-08-18 00:00:00', '2025-10-06 00:00:00');
INSERT INTO vehicles (id, license_plate, renavam, vin, year, color, model, brand, supplier_source, purchase_price, freight_cost, purchase_payment_receipt_document_id, purchase_invoice_document_id, status, assigned_partner_id, created_at, updated_at) VALUES ('8e0b5ec8-578e-4104-b48d-39927379d82b', 'CYF4782', NULL, NULL, 2012, 'Gray', 'Berlingo', 'Citroen', 'INTERNET', 725830.93, 588.52, NULL, NULL, 'IN_LOT', NULL, '2023-09-13 00:00:00', '2023-11-24 00:00:00');
INSERT INTO vehicles (id, license_plate, renavam, vin, year, color, model, brand, supplier_source, purchase_price, freight_cost, purchase_payment_receipt_document_id, purchase_invoice_document_id, status, assigned_partner_id, created_at, updated_at) VALUES ('e2b43fd6-cbc8-42d3-bd59-8b4567bd04d3', 'DWU5220', NULL, NULL, 2016, 'Silver', 'Q3', 'Audi', 'PERSONAL_CONTACT', 416857.81, 219.36, NULL, NULL, 'DISTRIBUTED', 'bb0a1d1e-e5ec-4814-93b7-3e8c681e8340', '2023-02-27 00:00:00', '2023-05-19 00:00:00');
INSERT INTO vehicles (id, license_plate, renavam, vin, year, color, model, brand, supplier_source, purchase_price, freight_cost, purchase_payment_receipt_document_id, purchase_invoice_document_id, status, assigned_partner_id, created_at, updated_at) VALUES ('599deebd-518a-4489-9c19-8d262017cb8a', 'YJH4103', NULL, NULL, 2013, 'Gray', 'Versa', 'Nissan', 'PERSONAL_CONTACT', 571364.03, 768.15, NULL, NULL, 'DISTRIBUTED', '86ceb785-d7eb-4aed-afb3-316b25a4f68d', '2025-05-16 00:00:00', '2025-06-13 00:00:00');
INSERT INTO vehicles (id, license_plate, renavam, vin, year, color, model, brand, supplier_source, purchase_price, freight_cost, purchase_payment_receipt_document_id, purchase_invoice_document_id, status, assigned_partner_id, created_at, updated_at) VALUES ('5b0e09ca-88c4-4e3a-8375-00dbd9828346', 'HSN2185', NULL, NULL, 2016, 'Black', 'TT', 'Audi', 'INTERNET', 732617.11, 397.58, NULL, NULL, 'DISTRIBUTED', '73ee499d-1b1e-45a6-9b4c-1dd2e363e212', '2026-06-13 00:00:00', '2026-09-11 00:00:00');
INSERT INTO vehicles (id, license_plate, renavam, vin, year, color, model, brand, supplier_source, purchase_price, freight_cost, purchase_payment_receipt_document_id, purchase_invoice_document_id, status, assigned_partner_id, created_at, updated_at) VALUES ('b466b2e3-dc29-4950-ae10-4991c476404f', 'DYS5205', NULL, NULL, 2009, 'Red', 'C4 Lounge', 'Citroen', 'PERSONAL_CONTACT', 389239.18, 207.43, NULL, NULL, 'DISTRIBUTED', 'bb0a1d1e-e5ec-4814-93b7-3e8c681e8340', '2026-09-07 00:00:00', '2027-02-14 00:00:00');
INSERT INTO vehicles (id, license_plate, renavam, vin, year, color, model, brand, supplier_source, purchase_price, freight_cost, purchase_payment_receipt_document_id, purchase_invoice_document_id, status, assigned_partner_id, created_at, updated_at) VALUES ('45ee4be9-5cc9-4e53-97a9-21ba3b432c12', 'JQM8740', NULL, NULL, 2023, 'Blue', 'Civic', 'Honda', 'INTERNET', 85134.60, 321.35, NULL, NULL, 'DISTRIBUTED', 'bb0a1d1e-e5ec-4814-93b7-3e8c681e8340', '2023-03-27 00:00:00', '2023-06-15 00:00:00');
INSERT INTO vehicles (id, license_plate, renavam, vin, year, color, model, brand, supplier_source, purchase_price, freight_cost, purchase_payment_receipt_document_id, purchase_invoice_document_id, status, assigned_partner_id, created_at, updated_at) VALUES ('e565b72c-e0a8-41e0-8f5e-5c60d43c659f', 'KFP7584', NULL, NULL, 2020, 'Black', 'Kicks', 'Nissan', 'PERSONAL_CONTACT', 465103.81, 490.02, NULL, NULL, 'IN_SERVICE', NULL, '2025-06-19 00:00:00', '2025-09-25 00:00:00');
INSERT INTO vehicles (id, license_plate, renavam, vin, year, color, model, brand, supplier_source, purchase_price, freight_cost, purchase_payment_receipt_document_id, purchase_invoice_document_id, status, assigned_partner_id, created_at, updated_at) VALUES ('76208cf0-0a5e-42ef-9f0b-539c46b17a5e', 'WNF7570', NULL, NULL, 2012, 'Blue', 'Commander', 'Jeep', 'PERSONAL_CONTACT', 126065.47, 711.78, NULL, NULL, 'DISTRIBUTED', '1e01a465-6831-4941-98d6-bbf45d6f63fe', '2025-07-02 00:00:00', '2025-12-03 00:00:00');
INSERT INTO vehicles (id, license_plate, renavam, vin, year, color, model, brand, supplier_source, purchase_price, freight_cost, purchase_payment_receipt_document_id, purchase_invoice_document_id, status, assigned_partner_id, created_at, updated_at) VALUES ('050bb852-8895-4fd3-9250-3a5c346ac25e', 'CHY5569', NULL, NULL, 2013, 'Black', 'Ka', 'Ford', 'INTERNET', 856235.84, 726.38, NULL, NULL, 'DISTRIBUTED', 'c150f514-0802-4d9b-867b-e0f10dd81e50', '2023-03-13 00:00:00', '2023-04-14 00:00:00');
INSERT INTO vehicles (id, license_plate, renavam, vin, year, color, model, brand, supplier_source, purchase_price, freight_cost, purchase_payment_receipt_document_id, purchase_invoice_document_id, status, assigned_partner_id, created_at, updated_at) VALUES ('b9bd4061-a656-4200-8489-b804a87b7d7d', 'IYI7394', NULL, NULL, 2009, 'Blue', 'Kwid', 'Renault', 'PERSONAL_CONTACT', 748891.12, 574.19, NULL, NULL, 'DISTRIBUTED', '3c4329cc-2dbb-4f3a-b384-9bcc06a6932e', '2026-02-24 00:00:00', '2026-03-26 00:00:00');
INSERT INTO vehicles (id, license_plate, renavam, vin, year, color, model, brand, supplier_source, purchase_price, freight_cost, purchase_payment_receipt_document_id, purchase_invoice_document_id, status, assigned_partner_id, created_at, updated_at) VALUES ('f91fb819-a1aa-445d-a33f-7102636ebff0', 'WCR8442', NULL, NULL, 2011, 'Blue', 'EcoSport', 'Ford', 'INTERNET', 819987.56, 972.43, NULL, NULL, 'DISTRIBUTED', '4faf9bfb-8fc5-4eb7-b93b-9309651c0792', '2026-09-29 00:00:00', '2026-12-26 00:00:00');
INSERT INTO vehicles (id, license_plate, renavam, vin, year, color, model, brand, supplier_source, purchase_price, freight_cost, purchase_payment_receipt_document_id, purchase_invoice_document_id, status, assigned_partner_id, created_at, updated_at) VALUES ('18a453ef-e0ce-403e-b773-4967f567308f', 'CCJ6786', NULL, NULL, 2020, 'Gray', 'Berlingo', 'Citroen', 'INTERNET', 494035.55, 985.56, NULL, NULL, 'IN_SERVICE', NULL, '2023-09-23 00:00:00', '2024-02-26 00:00:00');
INSERT INTO vehicles (id, license_plate, renavam, vin, year, color, model, brand, supplier_source, purchase_price, freight_cost, purchase_payment_receipt_document_id, purchase_invoice_document_id, status, assigned_partner_id, created_at, updated_at) VALUES ('250d8d0f-f3f8-4e3f-b955-7462b73d7b44', 'SFY2680', NULL, NULL, 2020, 'Black', '118i', 'BMW', 'INTERNET', 171917.88, 854.70, NULL, NULL, 'IN_SERVICE', NULL, '2026-02-03 00:00:00', '2026-07-16 00:00:00');
INSERT INTO vehicles (id, license_plate, renavam, vin, year, color, model, brand, supplier_source, purchase_price, freight_cost, purchase_payment_receipt_document_id, purchase_invoice_document_id, status, assigned_partner_id, created_at, updated_at) VALUES ('1f314498-d0ad-4916-9f74-bea026387cc0', 'RIE4981', NULL, NULL, 2025, 'Red', 'Logan', 'Renault', 'INTERNET', 900179.62, 869.04, NULL, NULL, 'DISTRIBUTED', '1e01a465-6831-4941-98d6-bbf45d6f63fe', '2024-02-07 00:00:00', '2024-07-18 00:00:00');
INSERT INTO vehicles (id, license_plate, renavam, vin, year, color, model, brand, supplier_source, purchase_price, freight_cost, purchase_payment_receipt_document_id, purchase_invoice_document_id, status, assigned_partner_id, created_at, updated_at) VALUES ('bc7563da-7f92-4a7a-99fc-e7a5ba48065a', 'UYS4396', NULL, NULL, 2019, 'Red', 'Arrizo 6', 'Chery', 'INTERNET', 850403.50, 629.08, NULL, NULL, 'DISTRIBUTED', '73ee499d-1b1e-45a6-9b4c-1dd2e363e212', '2023-06-16 00:00:00', '2023-06-27 00:00:00');
INSERT INTO vehicles (id, license_plate, renavam, vin, year, color, model, brand, supplier_source, purchase_price, freight_cost, purchase_payment_receipt_document_id, purchase_invoice_document_id, status, assigned_partner_id, created_at, updated_at) VALUES ('d09692c1-5e54-461a-8403-e1d6efba854a', 'CWB2767', NULL, NULL, 2016, 'Gray', 'Cherokee', 'Jeep', 'INTERNET', 814453.75, 732.24, NULL, NULL, 'IN_LOT', NULL, '2024-09-01 00:00:00', '2024-12-26 00:00:00');
INSERT INTO vehicles (id, license_plate, renavam, vin, year, color, model, brand, supplier_source, purchase_price, freight_cost, purchase_payment_receipt_document_id, purchase_invoice_document_id, status, assigned_partner_id, created_at, updated_at) VALUES ('6f2e7ba5-5136-4eb6-ada6-30ab1191aa5d', 'HOD4732', NULL, NULL, 2021, 'Black', '308', 'Peugeot', 'INTERNET', 174227.84, 464.96, NULL, NULL, 'DISTRIBUTED', '86ceb785-d7eb-4aed-afb3-316b25a4f68d', '2023-08-06 00:00:00', '2023-10-26 00:00:00');
INSERT INTO vehicles (id, license_plate, renavam, vin, year, color, model, brand, supplier_source, purchase_price, freight_cost, purchase_payment_receipt_document_id, purchase_invoice_document_id, status, assigned_partner_id, created_at, updated_at) VALUES ('1e09d6bb-1c95-4c66-b8f6-25ba808b8590', 'QOP4701', NULL, NULL, 2019, 'Gray', 'Sandero', 'Renault', 'PERSONAL_CONTACT', 937063.96, 762.96, NULL, NULL, 'DISTRIBUTED', 'bb0a1d1e-e5ec-4814-93b7-3e8c681e8340', '2023-11-23 00:00:00', '2024-03-29 00:00:00');
INSERT INTO vehicles (id, license_plate, renavam, vin, year, color, model, brand, supplier_source, purchase_price, freight_cost, purchase_payment_receipt_document_id, purchase_invoice_document_id, status, assigned_partner_id, created_at, updated_at) VALUES ('cc97de97-1de9-4692-a488-1943bcee6c55', 'XLY6506', NULL, NULL, 2026, 'Black', 'GLA200', 'Mercedes-Benz', 'INTERNET', 57768.54, 241.37, NULL, NULL, 'IN_SERVICE', NULL, '2023-10-02 00:00:00', '2023-12-08 00:00:00');
INSERT INTO vehicles (id, license_plate, renavam, vin, year, color, model, brand, supplier_source, purchase_price, freight_cost, purchase_payment_receipt_document_id, purchase_invoice_document_id, status, assigned_partner_id, created_at, updated_at) VALUES ('58a0db5e-3a2f-48b0-9d7e-0668b8c07dfb', 'DML5852', NULL, NULL, 2017, 'White', '118i', 'BMW', 'PERSONAL_CONTACT', 834045.75, 679.76, NULL, NULL, 'DISTRIBUTED', 'd79cf6e2-899d-4160-bac5-d8f4fae87413', '2023-09-01 00:00:00', '2023-10-03 00:00:00');
INSERT INTO vehicles (id, license_plate, renavam, vin, year, color, model, brand, supplier_source, purchase_price, freight_cost, purchase_payment_receipt_document_id, purchase_invoice_document_id, status, assigned_partner_id, created_at, updated_at) VALUES ('9fcf7ac9-73ba-4c7a-997f-f148d414a580', 'TKF6949', NULL, NULL, 2025, 'Silver', '3008', 'Peugeot', 'PERSONAL_CONTACT', 484139.13, 665.32, NULL, NULL, 'DISTRIBUTED', '86ceb785-d7eb-4aed-afb3-316b25a4f68d', '2023-10-14 00:00:00', '2024-01-05 00:00:00');
INSERT INTO vehicles (id, license_plate, renavam, vin, year, color, model, brand, supplier_source, purchase_price, freight_cost, purchase_payment_receipt_document_id, purchase_invoice_document_id, status, assigned_partner_id, created_at, updated_at) VALUES ('cb17f358-8249-40c2-abaf-ceb1b9abf43a', 'HXB9728', NULL, NULL, 2024, 'Blue', 'Toro', 'Fiat', 'PERSONAL_CONTACT', 302253.92, 707.25, NULL, NULL, 'IN_SERVICE', NULL, '2026-03-30 00:00:00', '2026-08-24 00:00:00');
INSERT INTO vehicles (id, license_plate, renavam, vin, year, color, model, brand, supplier_source, purchase_price, freight_cost, purchase_payment_receipt_document_id, purchase_invoice_document_id, status, assigned_partner_id, created_at, updated_at) VALUES ('cdc8747a-baa4-475a-b085-cc7fff6d4dc3', 'GNQ9702', NULL, NULL, 2009, 'Red', 'Yaris', 'Toyota', 'INTERNET', 468986.64, 505.96, NULL, NULL, 'IN_SERVICE', NULL, '2025-04-25 00:00:00', '2025-10-18 00:00:00');
INSERT INTO vehicles (id, license_plate, renavam, vin, year, color, model, brand, supplier_source, purchase_price, freight_cost, purchase_payment_receipt_document_id, purchase_invoice_document_id, status, assigned_partner_id, created_at, updated_at) VALUES ('a5efcf6d-6d1c-4631-87d5-01ad3db46af5', 'YXV4973', NULL, NULL, 2023, 'White', '2008', 'Peugeot', 'PERSONAL_CONTACT', 916517.95, 440.98, NULL, NULL, 'IN_SERVICE', NULL, '2024-12-26 00:00:00', '2025-06-17 00:00:00');
INSERT INTO vehicles (id, license_plate, renavam, vin, year, color, model, brand, supplier_source, purchase_price, freight_cost, purchase_payment_receipt_document_id, purchase_invoice_document_id, status, assigned_partner_id, created_at, updated_at) VALUES ('08419a47-82c7-40d2-8456-8a5bb2b937db', 'RZX4419', NULL, NULL, 2015, 'Blue', 'Commander', 'Jeep', 'PERSONAL_CONTACT', 705727.92, 565.65, NULL, NULL, 'READY_FOR_DISTRIBUTION', NULL, '2025-09-09 00:00:00', '2025-12-07 00:00:00');
INSERT INTO vehicles (id, license_plate, renavam, vin, year, color, model, brand, supplier_source, purchase_price, freight_cost, purchase_payment_receipt_document_id, purchase_invoice_document_id, status, assigned_partner_id, created_at, updated_at) VALUES ('1c681f5c-e2c8-4b74-8c15-44d089a018ed', 'IED9933', NULL, NULL, 2024, 'Black', 'X3', 'BMW', 'INTERNET', 253287.47, 853.76, NULL, NULL, 'DISTRIBUTED', '1e01a465-6831-4941-98d6-bbf45d6f63fe', '2026-02-25 00:00:00', '2026-08-22 00:00:00');
INSERT INTO vehicles (id, license_plate, renavam, vin, year, color, model, brand, supplier_source, purchase_price, freight_cost, purchase_payment_receipt_document_id, purchase_invoice_document_id, status, assigned_partner_id, created_at, updated_at) VALUES ('3bfe8ccf-7366-439b-8b3c-893a44cd621c', 'GYJ5401', NULL, NULL, 2026, 'Blue', 'Civic', 'Honda', 'INTERNET', 979015.18, 284.25, NULL, NULL, 'DISTRIBUTED', 'c150f514-0802-4d9b-867b-e0f10dd81e50', '2025-09-04 00:00:00', '2026-02-17 00:00:00');
INSERT INTO vehicles (id, license_plate, renavam, vin, year, color, model, brand, supplier_source, purchase_price, freight_cost, purchase_payment_receipt_document_id, purchase_invoice_document_id, status, assigned_partner_id, created_at, updated_at) VALUES ('33b7627b-2442-4dac-bba1-fe2a0dcdea16', 'FXJ0049', NULL, NULL, 2014, 'Red', 'EcoSport', 'Ford', 'INTERNET', 937226.48, 180.89, NULL, NULL, 'IN_LOT', NULL, '2025-03-24 00:00:00', '2025-07-28 00:00:00');
INSERT INTO vehicles (id, license_plate, renavam, vin, year, color, model, brand, supplier_source, purchase_price, freight_cost, purchase_payment_receipt_document_id, purchase_invoice_document_id, status, assigned_partner_id, created_at, updated_at) VALUES ('d903aa10-33bb-4b10-89f2-17dea1ab638c', 'WFA5493', NULL, NULL, 2012, 'White', 'Versa', 'Nissan', 'PERSONAL_CONTACT', 364149.89, 771.45, NULL, NULL, 'IN_SERVICE', NULL, '2026-08-20 00:00:00', '2026-10-24 00:00:00');
INSERT INTO vehicles (id, license_plate, renavam, vin, year, color, model, brand, supplier_source, purchase_price, freight_cost, purchase_payment_receipt_document_id, purchase_invoice_document_id, status, assigned_partner_id, created_at, updated_at) VALUES ('6eeba97e-1b50-44ae-8e78-e684e6de7cd7', 'ULW3017', NULL, NULL, 2017, 'Silver', 'Duster', 'Renault', 'INTERNET', 956333.08, 406.65, NULL, NULL, 'DISTRIBUTED', 'd79cf6e2-899d-4160-bac5-d8f4fae87413', '2023-01-24 00:00:00', '2023-03-31 00:00:00');

-- Services
INSERT INTO services (id, vehicle_id, service_type, description, service_value, performed_at, created_at, updated_at) VALUES ('e2e14f49-f445-4fac-9b18-a3aa45c920d4', '20e42457-e90e-475f-8dea-543ef192fa49', 'PAINT', 'Servico pintura', 4049.42, '2023-11-21', '2023-10-20 00:00:00', '2023-10-20 00:00:00');
INSERT INTO services (id, vehicle_id, service_type, description, service_value, performed_at, created_at, updated_at) VALUES ('c092feee-b238-4031-9ba7-e62042675425', '2949a754-bdc6-4fd7-89c0-cfb82dce66c7', 'WINDOWS', 'Servico vidros', 1070.11, '2026-05-27', '2026-05-06 00:00:00', '2026-05-06 00:00:00');
INSERT INTO services (id, vehicle_id, service_type, description, service_value, performed_at, created_at, updated_at) VALUES ('e6ef281f-8002-40f8-a38f-8ed13b03fab3', '2949a754-bdc6-4fd7-89c0-cfb82dce66c7', 'ELECTRICAL', 'Servico eletrica', 3739.04, '2026-05-16', '2026-05-06 00:00:00', '2026-05-06 00:00:00');
INSERT INTO services (id, vehicle_id, service_type, description, service_value, performed_at, created_at, updated_at) VALUES ('4a198564-6d1b-4996-9134-d92c07ac999d', '2949a754-bdc6-4fd7-89c0-cfb82dce66c7', 'WINDOWS', 'Servico vidros', 5813.51, '2026-07-01', '2026-05-06 00:00:00', '2026-05-06 00:00:00');
INSERT INTO services (id, vehicle_id, service_type, description, service_value, performed_at, created_at, updated_at) VALUES ('219795f4-7f85-4687-a77e-d3ef1acab79c', '25f24beb-aa3b-4973-8117-b923fa2e37f2', 'MECHANICAL', 'Servico mecanico', 3031.25, '2026-09-29', '2026-08-01 00:00:00', '2026-08-01 00:00:00');
INSERT INTO services (id, vehicle_id, service_type, description, service_value, performed_at, created_at, updated_at) VALUES ('32139447-5b78-41e7-b2c7-6723d96c981d', 'b461a22f-c10e-4f4c-ad23-69e54a99ba0f', 'UPHOLSTERY', 'Servico tapearia', 7722.03, '2023-07-08', '2023-06-11 00:00:00', '2023-06-11 00:00:00');
INSERT INTO services (id, vehicle_id, service_type, description, service_value, performed_at, created_at, updated_at) VALUES ('23a58b6d-5611-42b0-8f59-ce7ba707272f', '0c3f832f-f361-45c8-9628-f62605174e84', 'MECHANICAL', 'Servico mecanico', 5721.16, '2025-06-20', '2025-06-16 00:00:00', '2025-06-16 00:00:00');
INSERT INTO services (id, vehicle_id, service_type, description, service_value, performed_at, created_at, updated_at) VALUES ('10a42621-1c0c-41b7-97fb-2ad3069868a1', 'c4517695-3ad1-498d-ba22-f10e898732f5', 'ELECTRICAL', 'Servico eletrica', 3375.07, '2026-01-08', '2025-11-18 00:00:00', '2025-11-18 00:00:00');
INSERT INTO services (id, vehicle_id, service_type, description, service_value, performed_at, created_at, updated_at) VALUES ('e5a4bb07-0915-49db-84fe-7fd3b0a884ae', '5a3828a9-b3ba-4cef-ad01-8d3ee7374862', 'ELECTRICAL', 'Servico eletrica', 3490.68, '2023-04-29', '2023-04-21 00:00:00', '2023-04-21 00:00:00');
INSERT INTO services (id, vehicle_id, service_type, description, service_value, performed_at, created_at, updated_at) VALUES ('65eb5f5e-793a-4f8b-ae9f-d1b715639360', 'c0ef5167-06f4-4c75-9379-1ec962e75c8f', 'ELECTRICAL', 'Servico eletrica', 657.36, '2023-09-15', '2023-07-20 00:00:00', '2023-07-20 00:00:00');
INSERT INTO services (id, vehicle_id, service_type, description, service_value, performed_at, created_at, updated_at) VALUES ('05a636f9-9941-4f9a-9ac0-18c43388dc8f', '47ee4ca1-240e-4ec7-a4fd-327ae36b1041', 'WINDOWS', 'Servico vidros', 645.89, '2025-08-09', '2025-07-20 00:00:00', '2025-07-20 00:00:00');
INSERT INTO services (id, vehicle_id, service_type, description, service_value, performed_at, created_at, updated_at) VALUES ('543d8d49-bff4-427c-a9ac-0f88defa7ed5', '47ee4ca1-240e-4ec7-a4fd-327ae36b1041', 'UPHOLSTERY', 'Servico tapearia', 4122.23, '2025-08-19', '2025-07-20 00:00:00', '2025-07-20 00:00:00');
INSERT INTO services (id, vehicle_id, service_type, description, service_value, performed_at, created_at, updated_at) VALUES ('2ff600a5-75d6-4414-910e-b9b45c83fb31', 'baf22c6b-76f6-461b-b9c1-f8dc3a246525', 'WINDOWS', 'Servico vidros', 4608.77, '2023-06-27', '2023-05-21 00:00:00', '2023-05-21 00:00:00');
INSERT INTO services (id, vehicle_id, service_type, description, service_value, performed_at, created_at, updated_at) VALUES ('7d010a9b-d747-4b6b-ba93-c9abef48f867', 'baf22c6b-76f6-461b-b9c1-f8dc3a246525', 'BODYWORK', 'Servico funilaria', 2233.97, '2023-07-19', '2023-05-21 00:00:00', '2023-05-21 00:00:00');
INSERT INTO services (id, vehicle_id, service_type, description, service_value, performed_at, created_at, updated_at) VALUES ('8973a42a-28c7-4ef5-97ed-68cb63db53e8', 'baf22c6b-76f6-461b-b9c1-f8dc3a246525', 'WINDOWS', 'Servico vidros', 2650.63, '2023-07-05', '2023-05-21 00:00:00', '2023-05-21 00:00:00');
INSERT INTO services (id, vehicle_id, service_type, description, service_value, performed_at, created_at, updated_at) VALUES ('c7ce38ff-9237-4b68-b9ff-84293fc96c77', '1dea2748-4c52-4f97-9b38-e84363aa7340', 'BODYWORK', 'Servico funilaria', 736.57, '2023-07-24', '2023-05-29 00:00:00', '2023-05-29 00:00:00');
INSERT INTO services (id, vehicle_id, service_type, description, service_value, performed_at, created_at, updated_at) VALUES ('3d7eced3-8c2d-487d-a918-f7da90f15a4c', '4e4b5a16-65bd-4af9-8dcc-3d95d457b9b0', 'BODYWORK', 'Servico funilaria', 7139.76, '2026-12-18', '2026-12-11 00:00:00', '2026-12-11 00:00:00');
INSERT INTO services (id, vehicle_id, service_type, description, service_value, performed_at, created_at, updated_at) VALUES ('e8a4182e-2074-4a54-a218-7f9f8b70c9a7', '4e4b5a16-65bd-4af9-8dcc-3d95d457b9b0', 'WINDOWS', 'Servico vidros', 1412.49, '2027-01-15', '2026-12-11 00:00:00', '2026-12-11 00:00:00');
INSERT INTO services (id, vehicle_id, service_type, description, service_value, performed_at, created_at, updated_at) VALUES ('2a03967c-0f0f-41be-919e-cb78cdb3464a', '8ceff8a9-46ea-4e26-ac52-7e734a8487ba', 'PAINT', 'Servico pintura', 3646.32, '2025-12-18', '2025-11-01 00:00:00', '2025-11-01 00:00:00');
INSERT INTO services (id, vehicle_id, service_type, description, service_value, performed_at, created_at, updated_at) VALUES ('af0f3769-da09-4a3b-94be-5512d8623bfb', '8ceff8a9-46ea-4e26-ac52-7e734a8487ba', 'WINDOWS', 'Servico vidros', 4575.07, '2025-11-28', '2025-11-01 00:00:00', '2025-11-01 00:00:00');
INSERT INTO services (id, vehicle_id, service_type, description, service_value, performed_at, created_at, updated_at) VALUES ('7f48f312-bdfe-4c8c-9d02-82e0c7342235', '8ceff8a9-46ea-4e26-ac52-7e734a8487ba', 'MECHANICAL', 'Servico mecanico', 7571.40, '2025-11-05', '2025-11-01 00:00:00', '2025-11-01 00:00:00');
INSERT INTO services (id, vehicle_id, service_type, description, service_value, performed_at, created_at, updated_at) VALUES ('e661cd7b-ef3b-4e74-b67c-a356a91b6b88', 'ec055561-bf84-4700-bbb8-3e502985341f', 'UPHOLSTERY', 'Servico tapearia', 7022.76, '2025-07-25', '2025-05-30 00:00:00', '2025-05-30 00:00:00');
INSERT INTO services (id, vehicle_id, service_type, description, service_value, performed_at, created_at, updated_at) VALUES ('774ab575-fc70-4510-b133-4930faa6248c', 'fb46819e-29cd-4a45-a597-07a57ea54fca', 'MECHANICAL', 'Servico mecanico', 3871.38, '2025-06-17', '2025-04-24 00:00:00', '2025-04-24 00:00:00');
INSERT INTO services (id, vehicle_id, service_type, description, service_value, performed_at, created_at, updated_at) VALUES ('1f965ed7-ef06-477d-bbb4-5b73259d5ec3', '1c0250e8-6e7b-4968-98e1-353aaae269db', 'MECHANICAL', 'Servico mecanico', 7040.90, '2024-04-08', '2024-04-01 00:00:00', '2024-04-01 00:00:00');
INSERT INTO services (id, vehicle_id, service_type, description, service_value, performed_at, created_at, updated_at) VALUES ('9a1a5715-486e-4a18-b6be-ef54414ab9a5', '1c0250e8-6e7b-4968-98e1-353aaae269db', 'BODYWORK', 'Servico funilaria', 4728.60, '2024-04-12', '2024-04-01 00:00:00', '2024-04-01 00:00:00');
INSERT INTO services (id, vehicle_id, service_type, description, service_value, performed_at, created_at, updated_at) VALUES ('ba1b37b3-09f2-4b82-a1f2-65c3efa9a257', '1c0250e8-6e7b-4968-98e1-353aaae269db', 'BODYWORK', 'Servico funilaria', 1045.54, '2024-04-03', '2024-04-01 00:00:00', '2024-04-01 00:00:00');
INSERT INTO services (id, vehicle_id, service_type, description, service_value, performed_at, created_at, updated_at) VALUES ('4f617e90-ee17-4fa0-9f54-8d041ef566f3', '3bef74cf-eb97-49f9-8b03-bdc6d6eeaf0f', 'MECHANICAL', 'Servico mecanico', 5381.05, '2025-04-28', '2025-02-27 00:00:00', '2025-02-27 00:00:00');
INSERT INTO services (id, vehicle_id, service_type, description, service_value, performed_at, created_at, updated_at) VALUES ('1395946b-0092-4875-a0d7-526be996c610', '19219435-1adc-4649-937d-b776a41d4226', 'WINDOWS', 'Servico vidros', 7241.88, '2025-12-21', '2025-11-04 00:00:00', '2025-11-04 00:00:00');
INSERT INTO services (id, vehicle_id, service_type, description, service_value, performed_at, created_at, updated_at) VALUES ('ba819d3a-6ebe-4269-8c83-9d5cd2637653', '19219435-1adc-4649-937d-b776a41d4226', 'UPHOLSTERY', 'Servico tapearia', 2547.41, '2025-12-10', '2025-11-04 00:00:00', '2025-11-04 00:00:00');
INSERT INTO services (id, vehicle_id, service_type, description, service_value, performed_at, created_at, updated_at) VALUES ('573a29fd-8431-436e-8a97-ddd9d3a4b345', '19219435-1adc-4649-937d-b776a41d4226', 'UPHOLSTERY', 'Servico tapearia', 203.17, '2025-12-27', '2025-11-04 00:00:00', '2025-11-04 00:00:00');
INSERT INTO services (id, vehicle_id, service_type, description, service_value, performed_at, created_at, updated_at) VALUES ('bccc8b1e-ecf7-4ad1-889f-58fca56538c2', 'aaadb8c5-4d7c-4b5d-92c5-690ef4d6a74e', 'PAINT', 'Servico pintura', 2621.27, '2025-09-22', '2025-08-10 00:00:00', '2025-08-10 00:00:00');
INSERT INTO services (id, vehicle_id, service_type, description, service_value, performed_at, created_at, updated_at) VALUES ('20db977f-e329-493c-8d08-4a0d26a648cf', '79c55e69-5ff0-4ddd-b483-548ec46a5346', 'MECHANICAL', 'Servico mecanico', 3516.14, '2023-07-18', '2023-05-30 00:00:00', '2023-05-30 00:00:00');
INSERT INTO services (id, vehicle_id, service_type, description, service_value, performed_at, created_at, updated_at) VALUES ('ab56e41c-8bc8-4431-a7be-33c3cc99f583', '79c55e69-5ff0-4ddd-b483-548ec46a5346', 'PAINT', 'Servico pintura', 7672.14, '2023-07-20', '2023-05-30 00:00:00', '2023-05-30 00:00:00');
INSERT INTO services (id, vehicle_id, service_type, description, service_value, performed_at, created_at, updated_at) VALUES ('07680197-c204-4e1c-bde0-3981f0c88150', '1c12c099-5f15-4e97-93a5-9a890fa8e38c', 'PAINT', 'Servico pintura', 6919.66, '2023-10-23', '2023-09-06 00:00:00', '2023-09-06 00:00:00');
INSERT INTO services (id, vehicle_id, service_type, description, service_value, performed_at, created_at, updated_at) VALUES ('63dc6d7c-b4ac-481b-879e-7809d4b39c68', '1c12c099-5f15-4e97-93a5-9a890fa8e38c', 'ELECTRICAL', 'Servico eletrica', 6063.86, '2023-09-22', '2023-09-06 00:00:00', '2023-09-06 00:00:00');
INSERT INTO services (id, vehicle_id, service_type, description, service_value, performed_at, created_at, updated_at) VALUES ('14dfdae4-35b3-4712-a221-61b4f05914ca', '1c12c099-5f15-4e97-93a5-9a890fa8e38c', 'WINDOWS', 'Servico vidros', 6173.35, '2023-09-23', '2023-09-06 00:00:00', '2023-09-06 00:00:00');
INSERT INTO services (id, vehicle_id, service_type, description, service_value, performed_at, created_at, updated_at) VALUES ('cf9201fc-936f-41ae-94ea-6c41a01c6eb9', 'be7cef50-9bc2-40c4-9522-8fda00a607e0', 'MECHANICAL', 'Servico mecanico', 3379.28, '2024-09-03', '2024-08-08 00:00:00', '2024-08-08 00:00:00');
INSERT INTO services (id, vehicle_id, service_type, description, service_value, performed_at, created_at, updated_at) VALUES ('c18738d2-b7be-4f4c-af93-35786d5b7fbd', 'be7cef50-9bc2-40c4-9522-8fda00a607e0', 'UPHOLSTERY', 'Servico tapearia', 3443.04, '2024-09-06', '2024-08-08 00:00:00', '2024-08-08 00:00:00');
INSERT INTO services (id, vehicle_id, service_type, description, service_value, performed_at, created_at, updated_at) VALUES ('16abe33f-e037-431a-aa8d-76b84d22a585', '072445c8-85a6-49a6-b853-6f544d7683c2', 'WINDOWS', 'Servico vidros', 6438.97, '2026-12-29', '2026-11-25 00:00:00', '2026-11-25 00:00:00');
INSERT INTO services (id, vehicle_id, service_type, description, service_value, performed_at, created_at, updated_at) VALUES ('5e0663f4-0138-4629-a356-ff6b98bcc748', 'ed620399-b025-4eda-b137-df1341c1da98', 'MECHANICAL', 'Servico mecanico', 3543.18, '2024-12-30', '2024-11-19 00:00:00', '2024-11-19 00:00:00');
INSERT INTO services (id, vehicle_id, service_type, description, service_value, performed_at, created_at, updated_at) VALUES ('250f8b68-913b-4a76-a08b-fe033c8312ae', 'ed620399-b025-4eda-b137-df1341c1da98', 'ELECTRICAL', 'Servico eletrica', 592.22, '2024-11-30', '2024-11-19 00:00:00', '2024-11-19 00:00:00');
INSERT INTO services (id, vehicle_id, service_type, description, service_value, performed_at, created_at, updated_at) VALUES ('9fd95408-6057-493f-9b99-79dacd13866f', '85eaff51-0988-49e6-821d-e62c7bcf4c2c', 'MECHANICAL', 'Servico mecanico', 2128.81, '2024-09-21', '2024-07-23 00:00:00', '2024-07-23 00:00:00');
INSERT INTO services (id, vehicle_id, service_type, description, service_value, performed_at, created_at, updated_at) VALUES ('3bc9eac5-1b1f-40da-b1d8-8d8b0a875e05', '85eaff51-0988-49e6-821d-e62c7bcf4c2c', 'MECHANICAL', 'Servico mecanico', 1388.58, '2024-08-31', '2024-07-23 00:00:00', '2024-07-23 00:00:00');
INSERT INTO services (id, vehicle_id, service_type, description, service_value, performed_at, created_at, updated_at) VALUES ('648d55df-283a-497d-9ee8-dd722fbfcae7', '1958e3a9-4636-41be-908e-d375c859d445', 'ELECTRICAL', 'Servico eletrica', 5777.11, '2025-03-26', '2025-01-25 00:00:00', '2025-01-25 00:00:00');
INSERT INTO services (id, vehicle_id, service_type, description, service_value, performed_at, created_at, updated_at) VALUES ('ecd9dbcf-61aa-4cf6-b2e3-29e932525320', '1958e3a9-4636-41be-908e-d375c859d445', 'MECHANICAL', 'Servico mecanico', 5586.79, '2025-03-03', '2025-01-25 00:00:00', '2025-01-25 00:00:00');
INSERT INTO services (id, vehicle_id, service_type, description, service_value, performed_at, created_at, updated_at) VALUES ('624255a8-e604-4b4b-b1f5-53a616f89fd2', '1958e3a9-4636-41be-908e-d375c859d445', 'WINDOWS', 'Servico vidros', 994.83, '2025-02-09', '2025-01-25 00:00:00', '2025-01-25 00:00:00');
INSERT INTO services (id, vehicle_id, service_type, description, service_value, performed_at, created_at, updated_at) VALUES ('5bc522ae-c1e6-42ef-bb34-b2a30b2d6f74', '29a95945-ff28-48d4-a4a0-cd0c9e984a64', 'BODYWORK', 'Servico funilaria', 7154.29, '2025-01-21', '2024-12-12 00:00:00', '2024-12-12 00:00:00');
INSERT INTO services (id, vehicle_id, service_type, description, service_value, performed_at, created_at, updated_at) VALUES ('3dcf0479-7009-48f9-9759-badb56625e1b', '27f4415d-4881-4772-ab55-2daf377776a1', 'BODYWORK', 'Servico funilaria', 3716.26, '2026-10-20', '2026-08-25 00:00:00', '2026-08-25 00:00:00');
INSERT INTO services (id, vehicle_id, service_type, description, service_value, performed_at, created_at, updated_at) VALUES ('4d483dd1-6bca-4d89-afe1-f39e974990df', '27f4415d-4881-4772-ab55-2daf377776a1', 'ELECTRICAL', 'Servico eletrica', 4960.59, '2026-09-30', '2026-08-25 00:00:00', '2026-08-25 00:00:00');
INSERT INTO services (id, vehicle_id, service_type, description, service_value, performed_at, created_at, updated_at) VALUES ('89b676ae-fd38-4ce0-846f-bd198bd35fa1', '82770277-3396-4f4d-951c-1966c3332ffc', 'WINDOWS', 'Servico vidros', 4010.91, '2024-04-05', '2024-03-10 00:00:00', '2024-03-10 00:00:00');
INSERT INTO services (id, vehicle_id, service_type, description, service_value, performed_at, created_at, updated_at) VALUES ('163f4045-77c2-4899-b4ee-7c1c8dfbf7ee', '44d63c42-8d63-421e-b973-5a36a4dd3324', 'WINDOWS', 'Servico vidros', 2780.17, '2024-09-29', '2024-08-25 00:00:00', '2024-08-25 00:00:00');
INSERT INTO services (id, vehicle_id, service_type, description, service_value, performed_at, created_at, updated_at) VALUES ('b4549302-deb5-45a0-a5d8-72f5a480bea7', 'd7b35033-0d34-4e27-8b51-c4a4b3e773f1', 'BODYWORK', 'Servico funilaria', 3014.87, '2024-02-13', '2024-01-30 00:00:00', '2024-01-30 00:00:00');
INSERT INTO services (id, vehicle_id, service_type, description, service_value, performed_at, created_at, updated_at) VALUES ('3b59460e-88a6-4e39-a1d3-b74ffa5df0a3', 'd7b35033-0d34-4e27-8b51-c4a4b3e773f1', 'BODYWORK', 'Servico funilaria', 5722.54, '2024-01-30', '2024-01-30 00:00:00', '2024-01-30 00:00:00');
INSERT INTO services (id, vehicle_id, service_type, description, service_value, performed_at, created_at, updated_at) VALUES ('c206ece3-aeee-42b1-b271-72972786d16e', 'ed8b1530-632b-48a3-ad06-96e4c138eac7', 'ELECTRICAL', 'Servico eletrica', 6612.50, '2026-08-06', '2026-07-30 00:00:00', '2026-07-30 00:00:00');
INSERT INTO services (id, vehicle_id, service_type, description, service_value, performed_at, created_at, updated_at) VALUES ('cb5bab3e-ad34-45ae-92c7-64b34798b355', 'ed8b1530-632b-48a3-ad06-96e4c138eac7', 'ELECTRICAL', 'Servico eletrica', 777.84, '2026-08-30', '2026-07-30 00:00:00', '2026-07-30 00:00:00');
INSERT INTO services (id, vehicle_id, service_type, description, service_value, performed_at, created_at, updated_at) VALUES ('47c71602-5ed8-4f71-9c25-eae9627f4ccb', 'ed8b1530-632b-48a3-ad06-96e4c138eac7', 'WINDOWS', 'Servico vidros', 618.15, '2026-09-11', '2026-07-30 00:00:00', '2026-07-30 00:00:00');
INSERT INTO services (id, vehicle_id, service_type, description, service_value, performed_at, created_at, updated_at) VALUES ('6bde83ee-6e7e-44f1-9899-324d2d61dba4', '5413311f-6aea-4689-814b-24a8f4b39ff5', 'BODYWORK', 'Servico funilaria', 5044.01, '2025-06-07', '2025-05-02 00:00:00', '2025-05-02 00:00:00');
INSERT INTO services (id, vehicle_id, service_type, description, service_value, performed_at, created_at, updated_at) VALUES ('6e422f9e-d24d-40c9-ad8d-e17bb836a1df', '5413311f-6aea-4689-814b-24a8f4b39ff5', 'UPHOLSTERY', 'Servico tapearia', 974.02, '2025-06-18', '2025-05-02 00:00:00', '2025-05-02 00:00:00');
INSERT INTO services (id, vehicle_id, service_type, description, service_value, performed_at, created_at, updated_at) VALUES ('e6bc5980-f905-4d80-8bf2-46f9c0f23ee7', '5413311f-6aea-4689-814b-24a8f4b39ff5', 'PAINT', 'Servico pintura', 1846.00, '2025-06-11', '2025-05-02 00:00:00', '2025-05-02 00:00:00');
INSERT INTO services (id, vehicle_id, service_type, description, service_value, performed_at, created_at, updated_at) VALUES ('c1d6a8fb-8b7e-4115-ac93-7216efc5763d', '9aefd00d-b772-4884-b3ca-55bb269dc5ea', 'MECHANICAL', 'Servico mecanico', 2020.71, '2025-05-29', '2025-04-16 00:00:00', '2025-04-16 00:00:00');
INSERT INTO services (id, vehicle_id, service_type, description, service_value, performed_at, created_at, updated_at) VALUES ('ef3e0173-d01a-49cc-b3b4-eee11ed66617', '9aefd00d-b772-4884-b3ca-55bb269dc5ea', 'BODYWORK', 'Servico funilaria', 6371.73, '2025-06-05', '2025-04-16 00:00:00', '2025-04-16 00:00:00');
INSERT INTO services (id, vehicle_id, service_type, description, service_value, performed_at, created_at, updated_at) VALUES ('3c1c57ec-b027-49f9-a940-471db7ee9021', '9aefd00d-b772-4884-b3ca-55bb269dc5ea', 'UPHOLSTERY', 'Servico tapearia', 6470.46, '2025-05-28', '2025-04-16 00:00:00', '2025-04-16 00:00:00');
INSERT INTO services (id, vehicle_id, service_type, description, service_value, performed_at, created_at, updated_at) VALUES ('5beb8c56-1ead-4820-a61e-d1a239487ce2', '234cd86e-7f74-4c0b-8d2f-0d23331e0be2', 'BODYWORK', 'Servico funilaria', 3339.57, '2023-12-02', '2023-10-19 00:00:00', '2023-10-19 00:00:00');
INSERT INTO services (id, vehicle_id, service_type, description, service_value, performed_at, created_at, updated_at) VALUES ('f551fe66-8855-4864-9283-f440b031f4f4', 'b3003bf1-4823-47e0-aef3-40372f859622', 'PAINT', 'Servico pintura', 4247.92, '2025-07-03', '2025-06-03 00:00:00', '2025-06-03 00:00:00');
INSERT INTO services (id, vehicle_id, service_type, description, service_value, performed_at, created_at, updated_at) VALUES ('41d47bdc-b24b-4e3e-9166-df2fb8b556fb', 'fbd92d06-6ead-44d6-ad98-e41e7b9983e4', 'ELECTRICAL', 'Servico eletrica', 6131.90, '2023-08-27', '2023-07-06 00:00:00', '2023-07-06 00:00:00');
INSERT INTO services (id, vehicle_id, service_type, description, service_value, performed_at, created_at, updated_at) VALUES ('4338c0f4-4960-43c7-bac8-440efd1b030c', '9f61a539-80fb-4eed-be21-5e8d2715088f', 'PAINT', 'Servico pintura', 4483.91, '2025-12-06', '2025-11-19 00:00:00', '2025-11-19 00:00:00');
INSERT INTO services (id, vehicle_id, service_type, description, service_value, performed_at, created_at, updated_at) VALUES ('279857dc-2c2b-49db-adbb-f734a3c5d17e', '9f61a539-80fb-4eed-be21-5e8d2715088f', 'BODYWORK', 'Servico funilaria', 7070.60, '2025-12-17', '2025-11-19 00:00:00', '2025-11-19 00:00:00');
INSERT INTO services (id, vehicle_id, service_type, description, service_value, performed_at, created_at, updated_at) VALUES ('6432cd09-ea71-43b3-880c-cab849965e2b', '537fcbd1-07a5-4f5b-bd86-70d3c77bd296', 'ELECTRICAL', 'Servico eletrica', 5789.51, '2027-02-21', '2026-12-24 00:00:00', '2026-12-24 00:00:00');
INSERT INTO services (id, vehicle_id, service_type, description, service_value, performed_at, created_at, updated_at) VALUES ('65a22ca2-54fc-436e-8a3c-9059f0355451', '537fcbd1-07a5-4f5b-bd86-70d3c77bd296', 'UPHOLSTERY', 'Servico tapearia', 2332.71, '2027-02-07', '2026-12-24 00:00:00', '2026-12-24 00:00:00');
INSERT INTO services (id, vehicle_id, service_type, description, service_value, performed_at, created_at, updated_at) VALUES ('9d058cde-eda0-4c2b-9ca6-7b16d913efdf', 'c663c0b0-1408-4e7a-8de9-1d79d6ea1335', 'WINDOWS', 'Servico vidros', 6732.31, '2024-02-14', '2024-01-26 00:00:00', '2024-01-26 00:00:00');
INSERT INTO services (id, vehicle_id, service_type, description, service_value, performed_at, created_at, updated_at) VALUES ('e95890b1-97ee-4842-87cc-e4f6b5c8e90a', 'c663c0b0-1408-4e7a-8de9-1d79d6ea1335', 'UPHOLSTERY', 'Servico tapearia', 4019.19, '2024-03-08', '2024-01-26 00:00:00', '2024-01-26 00:00:00');
INSERT INTO services (id, vehicle_id, service_type, description, service_value, performed_at, created_at, updated_at) VALUES ('f453f9f6-356d-456f-b53a-d39ecad0b8b9', 'c663c0b0-1408-4e7a-8de9-1d79d6ea1335', 'PAINT', 'Servico pintura', 4400.93, '2024-02-23', '2024-01-26 00:00:00', '2024-01-26 00:00:00');
INSERT INTO services (id, vehicle_id, service_type, description, service_value, performed_at, created_at, updated_at) VALUES ('4d56527b-cc07-48c0-a8be-3b151bc668d0', '9b537766-7bb2-46ca-8c31-8abf92ca120e', 'ELECTRICAL', 'Servico eletrica', 6380.67, '2024-03-04', '2024-01-22 00:00:00', '2024-01-22 00:00:00');
INSERT INTO services (id, vehicle_id, service_type, description, service_value, performed_at, created_at, updated_at) VALUES ('32e7b266-3f5b-4e3f-8098-802042fe702a', '9b537766-7bb2-46ca-8c31-8abf92ca120e', 'WINDOWS', 'Servico vidros', 4063.56, '2024-01-31', '2024-01-22 00:00:00', '2024-01-22 00:00:00');
INSERT INTO services (id, vehicle_id, service_type, description, service_value, performed_at, created_at, updated_at) VALUES ('dda3603b-7522-428e-a389-f8459ee9658d', '9b537766-7bb2-46ca-8c31-8abf92ca120e', 'MECHANICAL', 'Servico mecanico', 4117.87, '2024-01-30', '2024-01-22 00:00:00', '2024-01-22 00:00:00');
INSERT INTO services (id, vehicle_id, service_type, description, service_value, performed_at, created_at, updated_at) VALUES ('7eac5d21-e7f2-4301-b45f-7e8744eff30f', '604c9a79-6efc-40f4-a538-24e6243af22b', 'WINDOWS', 'Servico vidros', 6843.77, '2025-12-18', '2025-12-13 00:00:00', '2025-12-13 00:00:00');
INSERT INTO services (id, vehicle_id, service_type, description, service_value, performed_at, created_at, updated_at) VALUES ('e6aaf7a7-2692-466b-b371-dfefbee98949', '604c9a79-6efc-40f4-a538-24e6243af22b', 'WINDOWS', 'Servico vidros', 4362.25, '2026-02-05', '2025-12-13 00:00:00', '2025-12-13 00:00:00');
INSERT INTO services (id, vehicle_id, service_type, description, service_value, performed_at, created_at, updated_at) VALUES ('9d097b8b-e868-44ef-aa23-7808e287d770', '604c9a79-6efc-40f4-a538-24e6243af22b', 'BODYWORK', 'Servico funilaria', 5806.00, '2026-01-22', '2025-12-13 00:00:00', '2025-12-13 00:00:00');
INSERT INTO services (id, vehicle_id, service_type, description, service_value, performed_at, created_at, updated_at) VALUES ('3d5841a0-0974-4af8-a0aa-9142a4e97562', '162e014d-8520-4ea7-bc66-c4b43a6592ec', 'MECHANICAL', 'Servico mecanico', 2996.01, '2024-04-28', '2024-04-10 00:00:00', '2024-04-10 00:00:00');
INSERT INTO services (id, vehicle_id, service_type, description, service_value, performed_at, created_at, updated_at) VALUES ('6d80936a-c5e1-41aa-98b4-ab6d4d02f349', 'f67879db-172e-4a23-bc9d-31e47630b452', 'BODYWORK', 'Servico funilaria', 2191.55, '2024-01-13', '2023-12-15 00:00:00', '2023-12-15 00:00:00');
INSERT INTO services (id, vehicle_id, service_type, description, service_value, performed_at, created_at, updated_at) VALUES ('d330eea1-cf08-46b4-9ccc-cc58eca4f3c9', '63ccb30b-042a-413f-9cb8-15cb060d249c', 'PAINT', 'Servico pintura', 4661.00, '2025-07-17', '2025-06-23 00:00:00', '2025-06-23 00:00:00');
INSERT INTO services (id, vehicle_id, service_type, description, service_value, performed_at, created_at, updated_at) VALUES ('c024cd4d-c0fd-47f4-8d5f-40b7373929e7', '63ccb30b-042a-413f-9cb8-15cb060d249c', 'UPHOLSTERY', 'Servico tapearia', 7943.00, '2025-07-11', '2025-06-23 00:00:00', '2025-06-23 00:00:00');
INSERT INTO services (id, vehicle_id, service_type, description, service_value, performed_at, created_at, updated_at) VALUES ('0471ef00-59d7-4c02-9719-8a45f07fce4c', 'a086e096-5db2-4e22-a870-27951b118261', 'WINDOWS', 'Servico vidros', 7246.55, '2026-06-01', '2026-05-26 00:00:00', '2026-05-26 00:00:00');
INSERT INTO services (id, vehicle_id, service_type, description, service_value, performed_at, created_at, updated_at) VALUES ('011baf78-0bcd-4f97-a9f5-47bfeeba86ea', 'a086e096-5db2-4e22-a870-27951b118261', 'WINDOWS', 'Servico vidros', 2609.68, '2026-05-28', '2026-05-26 00:00:00', '2026-05-26 00:00:00');
INSERT INTO services (id, vehicle_id, service_type, description, service_value, performed_at, created_at, updated_at) VALUES ('552e1b42-0ef9-43e2-90d7-a2337e7adc5b', '76897055-328c-45e4-b54c-60b619e00bcb', 'ELECTRICAL', 'Servico eletrica', 2502.10, '2024-12-21', '2024-10-31 00:00:00', '2024-10-31 00:00:00');
INSERT INTO services (id, vehicle_id, service_type, description, service_value, performed_at, created_at, updated_at) VALUES ('dee1f95c-c650-402e-93d2-68b7d569fcbc', '53c440fb-ed10-48ab-b9b9-2ae48dbc9147', 'WINDOWS', 'Servico vidros', 5444.26, '2026-12-03', '2026-10-17 00:00:00', '2026-10-17 00:00:00');
INSERT INTO services (id, vehicle_id, service_type, description, service_value, performed_at, created_at, updated_at) VALUES ('df9d9e21-d349-4398-b224-cd88c7bc67c2', '3efcda30-a4ca-45de-84f3-dad859f65079', 'MECHANICAL', 'Servico mecanico', 490.25, '2023-04-22', '2023-02-21 00:00:00', '2023-02-21 00:00:00');
INSERT INTO services (id, vehicle_id, service_type, description, service_value, performed_at, created_at, updated_at) VALUES ('ecf99862-cb8e-4ae6-93b7-c59eec37a0c5', '41563e0d-348e-4835-bd22-284a73bd7a8f', 'BODYWORK', 'Servico funilaria', 5584.19, '2025-03-08', '2025-03-06 00:00:00', '2025-03-06 00:00:00');
INSERT INTO services (id, vehicle_id, service_type, description, service_value, performed_at, created_at, updated_at) VALUES ('80d6cde7-29ad-4d8b-83d4-714157dda4c1', '41563e0d-348e-4835-bd22-284a73bd7a8f', 'PAINT', 'Servico pintura', 3668.63, '2025-04-03', '2025-03-06 00:00:00', '2025-03-06 00:00:00');
INSERT INTO services (id, vehicle_id, service_type, description, service_value, performed_at, created_at, updated_at) VALUES ('3cb9c3cc-225d-425d-84a4-be52acf7f1dd', '41563e0d-348e-4835-bd22-284a73bd7a8f', 'PAINT', 'Servico pintura', 3028.95, '2025-04-29', '2025-03-06 00:00:00', '2025-03-06 00:00:00');
INSERT INTO services (id, vehicle_id, service_type, description, service_value, performed_at, created_at, updated_at) VALUES ('dc312874-7b21-4573-bcfc-0d0cb411db4f', 'bc0f8918-6710-4639-bf6d-9708d7d6f320', 'MECHANICAL', 'Servico mecanico', 6168.23, '2025-09-11', '2025-07-20 00:00:00', '2025-07-20 00:00:00');
INSERT INTO services (id, vehicle_id, service_type, description, service_value, performed_at, created_at, updated_at) VALUES ('c5352d2f-004f-48ef-b081-a5600d9bb8aa', 'bc0f8918-6710-4639-bf6d-9708d7d6f320', 'PAINT', 'Servico pintura', 1884.42, '2025-08-26', '2025-07-20 00:00:00', '2025-07-20 00:00:00');
INSERT INTO services (id, vehicle_id, service_type, description, service_value, performed_at, created_at, updated_at) VALUES ('05795135-8428-4159-8f71-b4aa31cc7f01', '89e70ca9-0d70-47a0-8454-ba4ba2a2f32c', 'UPHOLSTERY', 'Servico tapearia', 323.09, '2023-11-13', '2023-10-24 00:00:00', '2023-10-24 00:00:00');
INSERT INTO services (id, vehicle_id, service_type, description, service_value, performed_at, created_at, updated_at) VALUES ('53f9e2d7-8057-4054-aaf3-6baee915fda2', '89e70ca9-0d70-47a0-8454-ba4ba2a2f32c', 'BODYWORK', 'Servico funilaria', 1188.72, '2023-10-27', '2023-10-24 00:00:00', '2023-10-24 00:00:00');
INSERT INTO services (id, vehicle_id, service_type, description, service_value, performed_at, created_at, updated_at) VALUES ('90fb1a9b-c30e-48a1-951b-4663debc0f8e', 'be4f6111-5efe-4a12-b35d-b0088aa9fc0c', 'MECHANICAL', 'Servico mecanico', 7988.98, '2025-01-14', '2025-01-11 00:00:00', '2025-01-11 00:00:00');
INSERT INTO services (id, vehicle_id, service_type, description, service_value, performed_at, created_at, updated_at) VALUES ('7e93e2a1-9788-4cb2-a14b-6a1b6b0f035a', '764addb9-79e4-418b-8498-985a908a5bb5', 'UPHOLSTERY', 'Servico tapearia', 2500.20, '2023-07-18', '2023-06-15 00:00:00', '2023-06-15 00:00:00');
INSERT INTO services (id, vehicle_id, service_type, description, service_value, performed_at, created_at, updated_at) VALUES ('b0dead6e-74e3-4533-a863-3275471c186f', '7953806a-840e-4a90-97af-ad528dc5dd78', 'ELECTRICAL', 'Servico eletrica', 941.67, '2026-10-18', '2026-09-02 00:00:00', '2026-09-02 00:00:00');
INSERT INTO services (id, vehicle_id, service_type, description, service_value, performed_at, created_at, updated_at) VALUES ('1f68e571-3ca6-48c6-ada1-4aa77412ef42', '7953806a-840e-4a90-97af-ad528dc5dd78', 'ELECTRICAL', 'Servico eletrica', 5387.84, '2026-09-22', '2026-09-02 00:00:00', '2026-09-02 00:00:00');
INSERT INTO services (id, vehicle_id, service_type, description, service_value, performed_at, created_at, updated_at) VALUES ('621572bd-6999-46e5-b94c-b70cd9539d67', '7953806a-840e-4a90-97af-ad528dc5dd78', 'BODYWORK', 'Servico funilaria', 5557.20, '2026-09-11', '2026-09-02 00:00:00', '2026-09-02 00:00:00');
INSERT INTO services (id, vehicle_id, service_type, description, service_value, performed_at, created_at, updated_at) VALUES ('b5f7dbbf-739e-4551-92de-21433b34cce3', '17d7b125-6e70-4fac-811c-93117fb25623', 'WINDOWS', 'Servico vidros', 7753.51, '2025-02-05', '2025-02-02 00:00:00', '2025-02-02 00:00:00');
INSERT INTO services (id, vehicle_id, service_type, description, service_value, performed_at, created_at, updated_at) VALUES ('acedc91b-9fd6-41e3-a641-4005055414b0', '17d7b125-6e70-4fac-811c-93117fb25623', 'UPHOLSTERY', 'Servico tapearia', 2942.84, '2025-02-21', '2025-02-02 00:00:00', '2025-02-02 00:00:00');
INSERT INTO services (id, vehicle_id, service_type, description, service_value, performed_at, created_at, updated_at) VALUES ('56fb41e2-6c13-4feb-9f4e-a3b7f1026bb1', '17d7b125-6e70-4fac-811c-93117fb25623', 'UPHOLSTERY', 'Servico tapearia', 1859.36, '2025-03-06', '2025-02-02 00:00:00', '2025-02-02 00:00:00');
INSERT INTO services (id, vehicle_id, service_type, description, service_value, performed_at, created_at, updated_at) VALUES ('272b1221-7c92-45c2-8fa4-5ab48c4bfa19', 'a54d8f69-b515-47df-9ef6-aa250eb0ec56', 'BODYWORK', 'Servico funilaria', 6146.79, '2024-09-06', '2024-07-24 00:00:00', '2024-07-24 00:00:00');
INSERT INTO services (id, vehicle_id, service_type, description, service_value, performed_at, created_at, updated_at) VALUES ('1618b542-b28b-41b6-b140-52ddb93816ca', 'd2ce8f62-9e24-437b-8ecb-c33b09823d30', 'BODYWORK', 'Servico funilaria', 5828.45, '2023-06-11', '2023-05-23 00:00:00', '2023-05-23 00:00:00');
INSERT INTO services (id, vehicle_id, service_type, description, service_value, performed_at, created_at, updated_at) VALUES ('392ffeac-36f2-4b7b-837c-1da2f82b944b', '393c2ba2-9749-4d2e-b788-f56466389d51', 'UPHOLSTERY', 'Servico tapearia', 2892.35, '2026-06-26', '2026-06-19 00:00:00', '2026-06-19 00:00:00');
INSERT INTO services (id, vehicle_id, service_type, description, service_value, performed_at, created_at, updated_at) VALUES ('b91f1a60-3cf3-4fb5-9a53-867835398dcb', '1ebaa8e1-1469-4f57-8907-88220b782fcd', 'ELECTRICAL', 'Servico eletrica', 3559.11, '2025-05-06', '2025-03-20 00:00:00', '2025-03-20 00:00:00');
INSERT INTO services (id, vehicle_id, service_type, description, service_value, performed_at, created_at, updated_at) VALUES ('d42fc779-2d79-417a-a8e2-859c36c946cf', '0ca1b175-a482-46f4-a1e5-aa99295e2055', 'UPHOLSTERY', 'Servico tapearia', 5734.09, '2026-10-25', '2026-09-30 00:00:00', '2026-09-30 00:00:00');
INSERT INTO services (id, vehicle_id, service_type, description, service_value, performed_at, created_at, updated_at) VALUES ('f29d3fed-c6f5-4882-b8fe-bf1a0f69d2e9', 'b7b085aa-7f76-4b64-9784-112235c80568', 'ELECTRICAL', 'Servico eletrica', 2620.14, '2024-02-11', '2023-12-18 00:00:00', '2023-12-18 00:00:00');
INSERT INTO services (id, vehicle_id, service_type, description, service_value, performed_at, created_at, updated_at) VALUES ('03ed93ec-d24f-4c38-8a5e-a9f3defe32f7', '780ff3b8-7b4c-49a2-bbc6-e3dc0baca658', 'PAINT', 'Servico pintura', 1392.38, '2026-08-27', '2026-07-20 00:00:00', '2026-07-20 00:00:00');
INSERT INTO services (id, vehicle_id, service_type, description, service_value, performed_at, created_at, updated_at) VALUES ('392fa42b-be90-4e68-8a2b-d4ef6b235a37', '2297f341-2706-47cb-9b68-18dcdcca4654', 'WINDOWS', 'Servico vidros', 6411.37, '2025-07-27', '2025-07-08 00:00:00', '2025-07-08 00:00:00');
INSERT INTO services (id, vehicle_id, service_type, description, service_value, performed_at, created_at, updated_at) VALUES ('4a2a8ed5-97da-4549-954a-d458d3a4340c', '5cd80588-ec99-4c87-81e6-50f2af4d750c', 'WINDOWS', 'Servico vidros', 519.98, '2023-05-15', '2023-03-19 00:00:00', '2023-03-19 00:00:00');
INSERT INTO services (id, vehicle_id, service_type, description, service_value, performed_at, created_at, updated_at) VALUES ('cf3349bf-19b8-4563-85bb-9042ff57eb81', 'cf234313-1874-42ba-815f-192a2deac48c', 'BODYWORK', 'Servico funilaria', 7359.91, '2023-05-30', '2023-05-07 00:00:00', '2023-05-07 00:00:00');
INSERT INTO services (id, vehicle_id, service_type, description, service_value, performed_at, created_at, updated_at) VALUES ('16bf4e29-effa-480c-94ec-116d539afad9', 'cf234313-1874-42ba-815f-192a2deac48c', 'ELECTRICAL', 'Servico eletrica', 6240.83, '2023-06-02', '2023-05-07 00:00:00', '2023-05-07 00:00:00');
INSERT INTO services (id, vehicle_id, service_type, description, service_value, performed_at, created_at, updated_at) VALUES ('bef50784-ba14-4c04-97c2-d55207b4c57c', '8a9907ba-4cb7-4adb-944f-12dfd0de3581', 'WINDOWS', 'Servico vidros', 5364.65, '2024-09-17', '2024-08-04 00:00:00', '2024-08-04 00:00:00');
INSERT INTO services (id, vehicle_id, service_type, description, service_value, performed_at, created_at, updated_at) VALUES ('715f142e-5d8a-4879-9666-67c8aede3f66', '8a9907ba-4cb7-4adb-944f-12dfd0de3581', 'PAINT', 'Servico pintura', 5728.91, '2024-09-11', '2024-08-04 00:00:00', '2024-08-04 00:00:00');
INSERT INTO services (id, vehicle_id, service_type, description, service_value, performed_at, created_at, updated_at) VALUES ('d2b2bd62-b22a-4013-b3d5-f07e951f28a5', '8a9907ba-4cb7-4adb-944f-12dfd0de3581', 'MECHANICAL', 'Servico mecanico', 4559.59, '2024-08-23', '2024-08-04 00:00:00', '2024-08-04 00:00:00');
INSERT INTO services (id, vehicle_id, service_type, description, service_value, performed_at, created_at, updated_at) VALUES ('47d039c1-a29a-45f2-b9ef-11014e92e7fe', '3e908b33-55e7-4589-a0a5-a52061e54feb', 'BODYWORK', 'Servico funilaria', 6347.34, '2025-03-06', '2025-01-11 00:00:00', '2025-01-11 00:00:00');
INSERT INTO services (id, vehicle_id, service_type, description, service_value, performed_at, created_at, updated_at) VALUES ('16fa9e78-1ad2-42a4-83ef-88eac23531d6', 'b4103327-9edc-47d0-a736-8bc41493e339', 'WINDOWS', 'Servico vidros', 7762.79, '2023-10-11', '2023-09-26 00:00:00', '2023-09-26 00:00:00');
INSERT INTO services (id, vehicle_id, service_type, description, service_value, performed_at, created_at, updated_at) VALUES ('c46188ae-0e0c-4870-8f9a-bdea7e779687', 'bd43b783-02ea-4db4-8b1f-c62417f3e3f2', 'UPHOLSTERY', 'Servico tapearia', 7009.41, '2025-08-26', '2025-08-18 00:00:00', '2025-08-18 00:00:00');
INSERT INTO services (id, vehicle_id, service_type, description, service_value, performed_at, created_at, updated_at) VALUES ('8d6539d2-4ce3-46e1-a3d2-eeb205af229d', 'bd43b783-02ea-4db4-8b1f-c62417f3e3f2', 'MECHANICAL', 'Servico mecanico', 3948.61, '2025-09-28', '2025-08-18 00:00:00', '2025-08-18 00:00:00');
INSERT INTO services (id, vehicle_id, service_type, description, service_value, performed_at, created_at, updated_at) VALUES ('ac34e69c-4eb0-4682-b1d6-9e2b7c15902d', '8e0b5ec8-578e-4104-b48d-39927379d82b', 'ELECTRICAL', 'Servico eletrica', 2926.76, '2023-11-08', '2023-09-13 00:00:00', '2023-09-13 00:00:00');
INSERT INTO services (id, vehicle_id, service_type, description, service_value, performed_at, created_at, updated_at) VALUES ('ebe35ffc-3ab3-4f8d-8c29-0c93ea70e796', '8e0b5ec8-578e-4104-b48d-39927379d82b', 'MECHANICAL', 'Servico mecanico', 615.40, '2023-10-09', '2023-09-13 00:00:00', '2023-09-13 00:00:00');
INSERT INTO services (id, vehicle_id, service_type, description, service_value, performed_at, created_at, updated_at) VALUES ('124aeede-fd3a-430a-ba4a-358901ffdfae', 'e2b43fd6-cbc8-42d3-bd59-8b4567bd04d3', 'WINDOWS', 'Servico vidros', 3699.09, '2023-03-29', '2023-02-27 00:00:00', '2023-02-27 00:00:00');
INSERT INTO services (id, vehicle_id, service_type, description, service_value, performed_at, created_at, updated_at) VALUES ('da52f4dd-ca8a-4d68-8ced-4b59e4c1b7d6', 'e2b43fd6-cbc8-42d3-bd59-8b4567bd04d3', 'MECHANICAL', 'Servico mecanico', 817.96, '2023-04-25', '2023-02-27 00:00:00', '2023-02-27 00:00:00');
INSERT INTO services (id, vehicle_id, service_type, description, service_value, performed_at, created_at, updated_at) VALUES ('d5fb8827-340b-4c8f-a5b2-203566afabb5', '599deebd-518a-4489-9c19-8d262017cb8a', 'ELECTRICAL', 'Servico eletrica', 4381.22, '2025-06-23', '2025-05-16 00:00:00', '2025-05-16 00:00:00');
INSERT INTO services (id, vehicle_id, service_type, description, service_value, performed_at, created_at, updated_at) VALUES ('2d0390f8-5df4-4a29-9c17-4e64cb437d6b', '5b0e09ca-88c4-4e3a-8375-00dbd9828346', 'ELECTRICAL', 'Servico eletrica', 5158.23, '2026-06-15', '2026-06-13 00:00:00', '2026-06-13 00:00:00');
INSERT INTO services (id, vehicle_id, service_type, description, service_value, performed_at, created_at, updated_at) VALUES ('6fb51f03-55dc-4a36-92a2-b9e0428c8460', 'b466b2e3-dc29-4950-ae10-4991c476404f', 'WINDOWS', 'Servico vidros', 7850.39, '2026-10-06', '2026-09-07 00:00:00', '2026-09-07 00:00:00');
INSERT INTO services (id, vehicle_id, service_type, description, service_value, performed_at, created_at, updated_at) VALUES ('102f37de-e2a4-4925-8c5e-5ce64b1e10c8', 'b466b2e3-dc29-4950-ae10-4991c476404f', 'ELECTRICAL', 'Servico eletrica', 1621.77, '2026-10-17', '2026-09-07 00:00:00', '2026-09-07 00:00:00');
INSERT INTO services (id, vehicle_id, service_type, description, service_value, performed_at, created_at, updated_at) VALUES ('01d451b9-4e9f-4f64-a384-55295b5a4e48', '45ee4be9-5cc9-4e53-97a9-21ba3b432c12', 'MECHANICAL', 'Servico mecanico', 5314.70, '2023-05-21', '2023-03-27 00:00:00', '2023-03-27 00:00:00');
INSERT INTO services (id, vehicle_id, service_type, description, service_value, performed_at, created_at, updated_at) VALUES ('a50de900-fbf0-403b-a5cb-c0ac99dbaa4f', 'e565b72c-e0a8-41e0-8f5e-5c60d43c659f', 'UPHOLSTERY', 'Servico tapearia', 1607.56, '2025-08-10', '2025-06-19 00:00:00', '2025-06-19 00:00:00');
INSERT INTO services (id, vehicle_id, service_type, description, service_value, performed_at, created_at, updated_at) VALUES ('bdcac88c-9833-4764-b5d4-0dfa2a955cb4', '76208cf0-0a5e-42ef-9f0b-539c46b17a5e', 'BODYWORK', 'Servico funilaria', 7844.21, '2025-08-11', '2025-07-02 00:00:00', '2025-07-02 00:00:00');
INSERT INTO services (id, vehicle_id, service_type, description, service_value, performed_at, created_at, updated_at) VALUES ('3581a04b-11a2-4207-96c9-d4c27ab4aa7e', '76208cf0-0a5e-42ef-9f0b-539c46b17a5e', 'MECHANICAL', 'Servico mecanico', 5435.23, '2025-07-06', '2025-07-02 00:00:00', '2025-07-02 00:00:00');
INSERT INTO services (id, vehicle_id, service_type, description, service_value, performed_at, created_at, updated_at) VALUES ('4f3f6aa3-9400-4f55-ac3f-6b957c2d446f', '76208cf0-0a5e-42ef-9f0b-539c46b17a5e', 'ELECTRICAL', 'Servico eletrica', 4202.07, '2025-07-25', '2025-07-02 00:00:00', '2025-07-02 00:00:00');
INSERT INTO services (id, vehicle_id, service_type, description, service_value, performed_at, created_at, updated_at) VALUES ('78632d26-c673-4cd1-a613-91ddfb186054', '050bb852-8895-4fd3-9250-3a5c346ac25e', 'BODYWORK', 'Servico funilaria', 6152.06, '2023-04-10', '2023-03-13 00:00:00', '2023-03-13 00:00:00');
INSERT INTO services (id, vehicle_id, service_type, description, service_value, performed_at, created_at, updated_at) VALUES ('1f954da8-ebe3-48c8-82c0-009c45373d50', '050bb852-8895-4fd3-9250-3a5c346ac25e', 'UPHOLSTERY', 'Servico tapearia', 4329.79, '2023-03-21', '2023-03-13 00:00:00', '2023-03-13 00:00:00');
INSERT INTO services (id, vehicle_id, service_type, description, service_value, performed_at, created_at, updated_at) VALUES ('6081d7f1-bc22-4dcf-af90-07c46ec4d658', '050bb852-8895-4fd3-9250-3a5c346ac25e', 'ELECTRICAL', 'Servico eletrica', 5266.57, '2023-04-02', '2023-03-13 00:00:00', '2023-03-13 00:00:00');
INSERT INTO services (id, vehicle_id, service_type, description, service_value, performed_at, created_at, updated_at) VALUES ('ffc6e8bd-e806-4dba-acd6-b9e3740f2644', 'b9bd4061-a656-4200-8489-b804a87b7d7d', 'PAINT', 'Servico pintura', 777.61, '2026-04-19', '2026-02-24 00:00:00', '2026-02-24 00:00:00');
INSERT INTO services (id, vehicle_id, service_type, description, service_value, performed_at, created_at, updated_at) VALUES ('95714147-0a06-473f-8c3d-a9ec9c1f3327', 'f91fb819-a1aa-445d-a33f-7102636ebff0', 'MECHANICAL', 'Servico mecanico', 6378.11, '2026-10-11', '2026-09-29 00:00:00', '2026-09-29 00:00:00');
INSERT INTO services (id, vehicle_id, service_type, description, service_value, performed_at, created_at, updated_at) VALUES ('8dad1b6c-87c9-49d9-917e-3908068fc828', 'f91fb819-a1aa-445d-a33f-7102636ebff0', 'PAINT', 'Servico pintura', 4053.37, '2026-11-18', '2026-09-29 00:00:00', '2026-09-29 00:00:00');
INSERT INTO services (id, vehicle_id, service_type, description, service_value, performed_at, created_at, updated_at) VALUES ('e814a497-788a-4df1-badf-e7b93d4a79e8', '18a453ef-e0ce-403e-b773-4967f567308f', 'BODYWORK', 'Servico funilaria', 778.49, '2023-11-03', '2023-09-23 00:00:00', '2023-09-23 00:00:00');
INSERT INTO services (id, vehicle_id, service_type, description, service_value, performed_at, created_at, updated_at) VALUES ('703f8b2d-c274-4a0e-b0ed-95d13196d3e9', '250d8d0f-f3f8-4e3f-b955-7462b73d7b44', 'PAINT', 'Servico pintura', 7490.96, '2026-02-23', '2026-02-03 00:00:00', '2026-02-03 00:00:00');
INSERT INTO services (id, vehicle_id, service_type, description, service_value, performed_at, created_at, updated_at) VALUES ('63dba0d6-a5ae-4582-ba78-f7213bab5743', '1f314498-d0ad-4916-9f74-bea026387cc0', 'UPHOLSTERY', 'Servico tapearia', 1535.36, '2024-02-16', '2024-02-07 00:00:00', '2024-02-07 00:00:00');
INSERT INTO services (id, vehicle_id, service_type, description, service_value, performed_at, created_at, updated_at) VALUES ('9c0ebeed-4948-4399-a67e-5ef884a94851', 'bc7563da-7f92-4a7a-99fc-e7a5ba48065a', 'WINDOWS', 'Servico vidros', 2459.44, '2023-07-20', '2023-06-16 00:00:00', '2023-06-16 00:00:00');
INSERT INTO services (id, vehicle_id, service_type, description, service_value, performed_at, created_at, updated_at) VALUES ('7ffab398-3267-4536-973d-9722ea856dd0', 'd09692c1-5e54-461a-8403-e1d6efba854a', 'PAINT', 'Servico pintura', 6919.58, '2024-09-21', '2024-09-01 00:00:00', '2024-09-01 00:00:00');
INSERT INTO services (id, vehicle_id, service_type, description, service_value, performed_at, created_at, updated_at) VALUES ('5342d8cc-3900-41c9-ac1b-4a6295f2a6bb', '6f2e7ba5-5136-4eb6-ada6-30ab1191aa5d', 'ELECTRICAL', 'Servico eletrica', 4999.94, '2023-09-30', '2023-08-06 00:00:00', '2023-08-06 00:00:00');
INSERT INTO services (id, vehicle_id, service_type, description, service_value, performed_at, created_at, updated_at) VALUES ('82e32422-2276-4c2f-816a-e2a8837f9234', '1e09d6bb-1c95-4c66-b8f6-25ba808b8590', 'UPHOLSTERY', 'Servico tapearia', 579.53, '2023-12-15', '2023-11-23 00:00:00', '2023-11-23 00:00:00');
INSERT INTO services (id, vehicle_id, service_type, description, service_value, performed_at, created_at, updated_at) VALUES ('de3a2836-5996-4f99-8adf-78c37d4a0507', '1e09d6bb-1c95-4c66-b8f6-25ba808b8590', 'BODYWORK', 'Servico funilaria', 4860.65, '2023-12-24', '2023-11-23 00:00:00', '2023-11-23 00:00:00');
INSERT INTO services (id, vehicle_id, service_type, description, service_value, performed_at, created_at, updated_at) VALUES ('54ed201e-936b-4e5f-85f5-6ef9bc420b0e', 'cc97de97-1de9-4692-a488-1943bcee6c55', 'BODYWORK', 'Servico funilaria', 3213.52, '2023-10-06', '2023-10-02 00:00:00', '2023-10-02 00:00:00');
INSERT INTO services (id, vehicle_id, service_type, description, service_value, performed_at, created_at, updated_at) VALUES ('3e6eda85-08fc-424b-b6fd-ee4a457d5194', '58a0db5e-3a2f-48b0-9d7e-0668b8c07dfb', 'MECHANICAL', 'Servico mecanico', 1268.88, '2023-09-03', '2023-09-01 00:00:00', '2023-09-01 00:00:00');
INSERT INTO services (id, vehicle_id, service_type, description, service_value, performed_at, created_at, updated_at) VALUES ('86d021b8-e56e-4826-ad33-37dd5263981d', '9fcf7ac9-73ba-4c7a-997f-f148d414a580', 'ELECTRICAL', 'Servico eletrica', 329.77, '2023-12-05', '2023-10-14 00:00:00', '2023-10-14 00:00:00');
INSERT INTO services (id, vehicle_id, service_type, description, service_value, performed_at, created_at, updated_at) VALUES ('9dc8e95a-0b1a-4d6a-a30f-94f06d342585', '9fcf7ac9-73ba-4c7a-997f-f148d414a580', 'BODYWORK', 'Servico funilaria', 1054.92, '2023-11-26', '2023-10-14 00:00:00', '2023-10-14 00:00:00');
INSERT INTO services (id, vehicle_id, service_type, description, service_value, performed_at, created_at, updated_at) VALUES ('35cbf635-4cdc-4b2c-a6aa-ffc3acbd8399', '9fcf7ac9-73ba-4c7a-997f-f148d414a580', 'ELECTRICAL', 'Servico eletrica', 2599.89, '2023-11-20', '2023-10-14 00:00:00', '2023-10-14 00:00:00');
INSERT INTO services (id, vehicle_id, service_type, description, service_value, performed_at, created_at, updated_at) VALUES ('80aebc82-557f-4413-811c-69db2dc2535d', 'cb17f358-8249-40c2-abaf-ceb1b9abf43a', 'WINDOWS', 'Servico vidros', 446.25, '2026-04-14', '2026-03-30 00:00:00', '2026-03-30 00:00:00');
INSERT INTO services (id, vehicle_id, service_type, description, service_value, performed_at, created_at, updated_at) VALUES ('3f8d37d2-7ef5-4532-95b5-d33e40b4bb75', 'cdc8747a-baa4-475a-b085-cc7fff6d4dc3', 'WINDOWS', 'Servico vidros', 4298.72, '2025-05-25', '2025-04-25 00:00:00', '2025-04-25 00:00:00');
INSERT INTO services (id, vehicle_id, service_type, description, service_value, performed_at, created_at, updated_at) VALUES ('28610ee8-37ec-428c-ab26-0ed68c6f3952', 'a5efcf6d-6d1c-4631-87d5-01ad3db46af5', 'PAINT', 'Servico pintura', 7788.70, '2025-02-24', '2024-12-26 00:00:00', '2024-12-26 00:00:00');
INSERT INTO services (id, vehicle_id, service_type, description, service_value, performed_at, created_at, updated_at) VALUES ('0b3533fe-df9c-46c0-b1ca-994f81cd0240', '08419a47-82c7-40d2-8456-8a5bb2b937db', 'BODYWORK', 'Servico funilaria', 6476.00, '2025-10-28', '2025-09-09 00:00:00', '2025-09-09 00:00:00');
INSERT INTO services (id, vehicle_id, service_type, description, service_value, performed_at, created_at, updated_at) VALUES ('29c48b40-6587-4998-8bf1-722b660e9afc', '08419a47-82c7-40d2-8456-8a5bb2b937db', 'BODYWORK', 'Servico funilaria', 2443.52, '2025-09-11', '2025-09-09 00:00:00', '2025-09-09 00:00:00');
INSERT INTO services (id, vehicle_id, service_type, description, service_value, performed_at, created_at, updated_at) VALUES ('7e023a56-2528-41a3-ba29-da40d3f021eb', '08419a47-82c7-40d2-8456-8a5bb2b937db', 'WINDOWS', 'Servico vidros', 2901.64, '2025-09-14', '2025-09-09 00:00:00', '2025-09-09 00:00:00');
INSERT INTO services (id, vehicle_id, service_type, description, service_value, performed_at, created_at, updated_at) VALUES ('7a8aefef-df16-4cc3-bd79-6bfd616917d6', '1c681f5c-e2c8-4b74-8c15-44d089a018ed', 'MECHANICAL', 'Servico mecanico', 2776.29, '2026-03-23', '2026-02-25 00:00:00', '2026-02-25 00:00:00');
INSERT INTO services (id, vehicle_id, service_type, description, service_value, performed_at, created_at, updated_at) VALUES ('551efeaf-7cb3-409a-99e5-35442255fad1', '1c681f5c-e2c8-4b74-8c15-44d089a018ed', 'ELECTRICAL', 'Servico eletrica', 5513.30, '2026-03-03', '2026-02-25 00:00:00', '2026-02-25 00:00:00');
INSERT INTO services (id, vehicle_id, service_type, description, service_value, performed_at, created_at, updated_at) VALUES ('c4955dba-291d-4467-89b5-3a86beb02e25', '3bfe8ccf-7366-439b-8b3c-893a44cd621c', 'WINDOWS', 'Servico vidros', 7506.02, '2025-10-28', '2025-09-04 00:00:00', '2025-09-04 00:00:00');
INSERT INTO services (id, vehicle_id, service_type, description, service_value, performed_at, created_at, updated_at) VALUES ('bf5f9eba-107d-495d-9fc3-de5a2080b02c', '33b7627b-2442-4dac-bba1-fe2a0dcdea16', 'BODYWORK', 'Servico funilaria', 7914.98, '2025-04-22', '2025-03-24 00:00:00', '2025-03-24 00:00:00');
INSERT INTO services (id, vehicle_id, service_type, description, service_value, performed_at, created_at, updated_at) VALUES ('5a214639-efaf-456d-bafd-cd23dd963d40', '33b7627b-2442-4dac-bba1-fe2a0dcdea16', 'UPHOLSTERY', 'Servico tapearia', 4052.52, '2025-04-26', '2025-03-24 00:00:00', '2025-03-24 00:00:00');
INSERT INTO services (id, vehicle_id, service_type, description, service_value, performed_at, created_at, updated_at) VALUES ('def22d93-26c0-4d23-8e29-29955f0d85e0', '33b7627b-2442-4dac-bba1-fe2a0dcdea16', 'PAINT', 'Servico pintura', 4132.86, '2025-05-17', '2025-03-24 00:00:00', '2025-03-24 00:00:00');
INSERT INTO services (id, vehicle_id, service_type, description, service_value, performed_at, created_at, updated_at) VALUES ('d9d32cc0-69d4-495d-bf11-dd4116cc6cce', 'd903aa10-33bb-4b10-89f2-17dea1ab638c', 'MECHANICAL', 'Servico mecanico', 5420.20, '2026-09-14', '2026-08-20 00:00:00', '2026-08-20 00:00:00');
INSERT INTO services (id, vehicle_id, service_type, description, service_value, performed_at, created_at, updated_at) VALUES ('4517d223-b62f-4a09-afee-ce7971e45174', 'd903aa10-33bb-4b10-89f2-17dea1ab638c', 'PAINT', 'Servico pintura', 3924.14, '2026-08-28', '2026-08-20 00:00:00', '2026-08-20 00:00:00');
INSERT INTO services (id, vehicle_id, service_type, description, service_value, performed_at, created_at, updated_at) VALUES ('4f2fd73d-9161-4c37-bc8c-aff03ae02057', 'd903aa10-33bb-4b10-89f2-17dea1ab638c', 'PAINT', 'Servico pintura', 2234.13, '2026-08-20', '2026-08-20 00:00:00', '2026-08-20 00:00:00');
INSERT INTO services (id, vehicle_id, service_type, description, service_value, performed_at, created_at, updated_at) VALUES ('5eca6722-c2cb-4650-a127-d560b8dfc142', '6eeba97e-1b50-44ae-8e78-e684e6de7cd7', 'UPHOLSTERY', 'Servico tapearia', 7181.92, '2023-03-24', '2023-01-24 00:00:00', '2023-01-24 00:00:00');
